"Date","Price","Open","High","Low","Vol.","Change %"
"04/29/2024","63,040.0","63,226.0","63,453.0","61,949.0","0.91K","-0.29%"
"04/28/2024","63,226.0","63,574.0","64,470.0","62,924.0","0.37K","-0.55%"
"04/27/2024","63,574.0","63,874.0","64,028.0","62,498.0","1.13K","-0.47%"
"04/26/2024","63,874.0","64,555.0","64,838.0","63,376.0","0.72K","-1.05%"
"04/25/2024","64,555.0","64,345.0","65,348.0","62,846.0","0.93K","0.33%"
"04/24/2024","64,345.0","66,458.0","67,153.0","63,667.0","0.91K","-3.18%"
"04/23/2024","66,458.0","66,894.0","67,234.0","65,904.0","0.51K","-0.65%"
"04/22/2024","66,894.0","64,992.0","67,282.0","64,581.0","1.08K","2.93%"
"04/21/2024","64,992.0","65,045.0","65,744.0","64,310.0","0.49K","-0.08%"
"04/20/2024","65,045.0","63,867.0","65,465.0","63,174.0","0.83K","1.84%"
"04/19/2024","63,867.0","63,529.0","65,487.0","59,698.0","2.28K","0.53%"
"04/18/2024","63,529.0","61,375.0","64,159.0","60,932.0","1.66K","3.51%"
"04/17/2024","61,375.0","63,874.0","64,534.0","59,840.0","2.28K","-3.91%"
"04/16/2024","63,874.0","63,488.0","64,415.0","61,765.0","1.80K","0.61%"
"04/15/2024","63,488.0","65,793.0","66,888.0","62,386.0","2.49K","-3.50%"
"04/14/2024","65,793.0","64,039.0","65,909.0","62,190.0","2.53K","2.74%"
"04/13/2024","64,039.0","67,061.0","67,878.0","61,604.0","4.32K","-4.51%"
"04/12/2024","67,061.0","70,104.0","71,291.0","65,625.0","2.75K","-4.34%"
"04/11/2024","70,104.0","70,688.0","71,352.0","69,650.0","1.41K","-0.83%"
"04/10/2024","70,688.0","69,165.0","71,241.0","67,606.0","2.39K","2.20%"
"04/09/2024","69,164.0","71,675.0","71,751.0","68,253.0","2.83K","-3.50%"
"04/08/2024","71,675.0","69,343.0","72,761.0","69,040.0","3.09K","3.36%"
"04/07/2024","69,343.0","68,880.0","70,222.0","68,821.0","0.55K","0.67%"
"04/06/2024","68,880.0","67,819.0","69,673.0","67,491.0","0.52K","1.56%"
"04/05/2024","67,819.0","68,518.0","68,718.0","65,993.0","1.68K","-1.02%"
"04/04/2024","68,518.0","65,967.0","69,320.0","65,074.0","2.23K","3.87%"
"04/03/2024","65,967.0","65,495.0","66,931.0","64,603.0","1.43K","0.72%"
"04/02/2024","65,495.0","69,691.0","69,691.0","64,667.0","3.47K","-6.02%"
"04/01/2024","69,691.0","71,402.0","71,402.0","68,198.0","2.56K","-2.40%"
"03/31/2024","71,402.0","69,683.0","71,444.0","69,652.0","1.21K","2.47%"
"03/30/2024","69,683.0","69,862.0","70,301.0","69,632.0","0.31K","-0.26%"
"03/29/2024","69,862.0","70,776.0","70,892.0","69,015.0","1.47K","-1.29%"
"03/28/2024","70,776.0","69,467.0","71,557.0","68,932.0","1.57K","1.88%"
"03/27/2024","69,467.0","70,011.0","71,610.0","68,452.0","4.20K","-0.78%"
"03/26/2024","70,011.0","69,824.0","71,402.0","69,347.0","1.87K","0.27%"
"03/25/2024","69,824.0","67,283.0","70,983.0","66,397.0","4.66K","3.78%"
"03/24/2024","67,283.0","64,034.0","67,655.0","63,827.0","2.02K","5.02%"
"03/23/2024","64,069.0","63,828.0","65,969.0","63,059.0","1.31K","0.38%"
"03/22/2024","63,828.0","65,577.0","66,712.0","62,336.0","3.15K","-2.67%"
"03/21/2024","65,577.0","67,912.0","68,229.0","64,639.0","3.36K","-3.44%"
"03/20/2024","67,912.0","62,072.0","68,155.0","60,900.0","4.53K","9.41%"
"03/19/2024","62,072.0","67,606.0","68,136.0","61,689.0","6.98K","-8.19%"
"03/18/2024","67,606.0","68,456.0","68,940.0","66,648.0","2.32K","-1.24%"
"03/17/2024","68,456.0","65,304.0","68,922.0","64,593.0","3.70K","4.83%"
"03/16/2024","65,304.0","69,514.0","70,070.0","65,000.0","3.39K","-5.98%"
"03/15/2024","69,457.0","71,364.0","72,413.0","65,705.0","5.08K","-2.67%"
"03/14/2024","71,364.0","72,985.0","73,666.0","68,602.0","3.48K","-2.21%"
"03/13/2024","72,974.0","71,237.0","73,588.0","71,172.0","3.07K","2.44%"
"03/12/2024","71,237.0","71,937.0","72,760.0","68,429.0","6.89K","-0.97%"
"03/11/2024","71,937.0","68,948.0","72,606.0","67,096.0","7.12K","4.34%"
"03/10/2024","68,948.0","68,205.0","69,850.0","68,048.0","2.93K","1.09%"
"03/09/2024","68,205.0","68,010.0","68,458.0","67,724.0","1.83K","0.27%"
"03/08/2024","68,018.0","66,744.0","69,838.0","66,100.0","4.67K","1.91%"
"03/07/2024","66,744.0","66,073.0","67,953.0","65,641.0","2.19K","1.02%"
"03/06/2024","66,073.0","63,818.0","67,658.0","62,805.0","4.51K","3.53%"
"03/05/2024","63,818.0","68,110.0","68,874.0","59,858.0","9.33K","-6.30%"
"03/04/2024","68,110.0","63,121.0","68,161.0","62,489.0","5.45K","7.90%"
"03/03/2024","63,121.0","61,962.0","63,229.0","61,402.0","1.72K","1.87%"
"03/02/2024","61,962.0","62,346.0","62,406.0","61,584.0","1.37K","-0.62%"
"03/01/2024","62,346.0","61,148.0","63,000.0","60,783.0","2.51K","1.96%"
"02/29/2024","61,148.0","62,380.0","63,566.0","60,385.0","4.10K","-1.97%"
"02/28/2024","62,380.0","56,998.0","63,780.0","56,668.0","6.63K","9.44%"
"02/27/2024","56,998.0","54,417.0","57,487.0","54,388.0","4.50K","4.74%"
"02/26/2024","54,417.0","51,716.0","54,720.0","50,903.0","4.39K","5.22%"
"02/25/2024","51,716.0","51,630.0","51,956.0","51,307.0","1.28K","0.17%"
"02/24/2024","51,630.0","50,734.0","51,724.0","50,590.0","0.98K","1.77%"
"02/23/2024","50,734.0","51,287.0","51,537.0","50,527.0","1.05K","-1.08%"
"02/22/2024","51,287.0","51,856.0","52,042.0","50,903.0","1.87K","-1.10%"
"02/21/2024","51,856.0","52,168.0","52,279.0","50,600.0","2.23K","-0.60%"
"02/20/2024","52,168.0","51,732.0","52,872.0","50,714.0","2.60K","0.84%"
"02/19/2024","51,732.0","52,061.0","52,466.0","51,650.0","1.19K","-0.63%"
"02/18/2024","52,061.0","51,631.0","52,449.0","51,165.0","0.91K","0.83%"
"02/17/2024","51,631.0","52,130.0","52,153.0","50,611.0","1.39K","-0.96%"
"02/16/2024","52,130.0","51,893.0","52,579.0","51,580.0","1.27K","0.46%"
"02/15/2024","51,893.0","51,778.0","52,700.0","51,280.0","2.44K","0.22%"
"02/14/2024","51,778.0","49,777.0","52,005.0","49,319.0","3.07K","4.02%"
"02/13/2024","49,777.0","49,947.0","50,349.0","48,388.0","2.43K","-0.34%"
"02/12/2024","49,947.0","48,321.0","50,283.0","47,699.0","4.36K","3.36%"
"02/11/2024","48,321.0","47,800.0","48,500.0","47,613.0","1.31K","1.09%"
"02/10/2024","47,800.0","47,150.0","48,185.0","46,900.0","0.73K","1.38%"
"02/09/2024","47,150.0","45,279.0","48,182.0","45,247.0","2.80K","4.13%"
"02/08/2024","45,279.0","44,328.0","45,541.0","44,328.0","1.67K","2.15%"
"02/07/2024","44,328.0","43,101.0","44,351.0","42,788.0","1.74K","2.85%"
"02/06/2024","43,101.0","42,707.0","43,375.0","42,574.0","0.71K","0.92%"
"02/05/2024","42,707.0","42,583.0","43,540.0","42,247.0","1.04K","0.29%"
"02/04/2024","42,583.0","43,004.0","43,109.0","42,332.0","0.63K","-0.98%"
"02/03/2024","43,004.0","43,201.0","43,366.0","42,892.0","0.29K","-0.46%"
"02/02/2024","43,201.0","43,088.0","43,477.0","42,560.0","0.78K","0.26%"
"02/01/2024","43,088.0","42,594.0","43,272.0","41,880.0","0.94K","1.16%"
"01/31/2024","42,594.0","42,956.0","43,722.0","42,304.0","1.29K","-0.84%"
"01/30/2024","42,956.0","43,309.0","43,840.0","42,700.0","1.11K","-0.80%"
"01/29/2024","43,301.0","42,047.0","43,301.0","41,833.0","1.16K","2.98%"
"01/28/2024","42,047.0","42,125.0","42,808.0","41,637.0","0.94K","-0.19%"
"01/27/2024","42,125.0","41,821.0","42,204.0","41,405.0","0.47K","0.73%"
"01/26/2024","41,821.0","40,001.0","42,192.0","39,877.0","2.73K","4.55%"
"01/25/2024","40,001.0","40,140.0","40,333.0","39,556.0","2.30K","-0.35%"
"01/24/2024","40,140.0","39,938.0","40,590.0","39,533.0","1.88K","0.51%"
"01/23/2024","39,938.0","39,599.0","40,215.0","38,572.0","2.78K","0.86%"
"01/22/2024","39,599.0","41,679.0","41,775.0","39,461.0","3.15K","-4.99%"
"01/21/2024","41,679.0","41,778.0","41,945.0","41,588.0","1.24K","-0.24%"
"01/20/2024","41,778.0","41,714.0","41,942.0","41,525.0","1.51K","0.14%"
"01/19/2024","41,719.0","41,337.0","42,212.0","40,364.0","1.55K","0.92%"
"01/18/2024","41,337.0","42,778.0","42,932.0","40,704.0","1.38K","-3.37%"
"01/17/2024","42,778.0","43,163.0","43,215.0","42,237.0","0.80K","-0.89%"
"01/16/2024","43,163.0","42,508.0","43,588.0","42,107.0","0.70K","1.54%"
"01/15/2024","42,508.0","41,737.0","43,359.0","41,705.0","0.93K","1.85%"
"01/14/2024","41,737.0","42,847.0","43,075.0","41,719.0","1.10K","-2.59%"
"01/13/2024","42,847.0","42,831.0","43,250.0","42,441.0","1.04K","0.04%"
"01/12/2024","42,831.0","46,377.0","46,508.0","41,574.0","3.78K","-7.65%"
"01/11/2024","46,377.0","46,636.0","48,750.0","45,650.0","5.42K","-0.56%"
"01/10/2024","46,636.0","46,113.0","47,572.0","44,352.0","5.05K","1.13%"
"01/09/2024","46,113.0","46,941.0","47,845.0","45,133.0","3.87K","-1.76%"
"01/08/2024","46,941.0","43,960.0","47,205.0","43,244.0","3.83K","6.78%"
"01/07/2024","43,960.0","44,005.0","44,500.0","43,638.0","0.57K","-0.10%"
"01/06/2024","44,005.0","44,189.0","44,263.0","43,461.0","0.74K","-0.42%"
"01/05/2024","44,189.0","44,221.0","44,415.0","42,746.0","1.89K","-0.07%"
"01/04/2024","44,221.0","42,869.0","44,798.0","42,673.0","1.85K","3.15%"
"01/03/2024","42,869.0","44,991.0","45,559.0","40,499.0","4.19K","-4.72%"
"01/02/2024","44,991.0","44,175.0","45,892.0","44,175.0","3.10K","1.85%"
"01/01/2024","44,175.0","42,323.0","44,190.0","42,232.0","1.16K","4.38%"
"12/31/2023","42,323.0","42,199.0","42,938.0","42,023.0","0.66K","0.29%"
"12/30/2023","42,199.0","42,139.0","42,664.0","41,585.0","0.67K","0.14%"
"12/29/2023","42,139.0","42,617.0","43,168.0","41,433.0","1.64K","-1.12%"
"12/28/2023","42,617.0","43,476.0","43,793.0","42,388.0","1.09K","-1.98%"
"12/27/2023","43,476.0","42,568.0","43,666.0","42,178.0","1.02K","2.13%"
"12/26/2023","42,568.0","43,641.0","43,649.0","41,772.0","1.99K","-2.46%"
"12/25/2023","43,641.0","43,026.0","43,880.0","42,784.0","0.84K","1.43%"
"12/24/2023","43,026.0","43,801.0","43,975.0","42,700.0","0.79K","-1.77%"
"12/23/2023","43,801.0","44,038.0","44,068.0","43,342.0","0.66K","-0.54%"
"12/22/2023","44,038.0","43,890.0","44,444.0","43,480.0","0.99K","0.34%"
"12/21/2023","43,890.0","43,662.0","44,250.0","43,363.0","1.17K","0.52%"
"12/20/2023","43,662.0","42,315.0","44,336.0","42,245.0","2.18K","3.18%"
"12/19/2023","42,315.0","42,672.0","43,429.0","41,850.0","0.96K","-0.84%"
"12/18/2023","42,672.0","41,406.0","42,753.0","40,556.0","1.46K","3.06%"
"12/17/2023","41,406.0","42,328.0","42,442.0","41,304.0","1.11K","-2.18%"
"12/16/2023","42,328.0","41,961.0","42,746.0","41,714.0","0.65K","0.87%"
"12/15/2023","41,961.0","43,064.0","43,106.0","41,742.0","1.01K","-2.56%"
"12/14/2023","43,064.0","42,924.0","43,434.0","41,601.0","1.67K","0.33%"
"12/13/2023","42,924.0","41,501.0","43,424.0","40,682.0","1.45K","3.43%"
"12/12/2023","41,501.0","41,287.0","42,113.0","40,733.0","0.90K","0.52%"
"12/11/2023","41,287.0","43,809.0","43,840.0","40,286.0","3.00K","-5.76%"
"12/10/2023","43,809.0","43,749.0","44,065.0","43,625.0","0.94K","0.14%"
"12/09/2023","43,749.0","44,173.0","44,362.0","43,629.0","1.28K","-0.96%"
"12/08/2023","44,173.0","43,290.0","44,699.0","43,101.0","1.96K","2.04%"
"12/07/2023","43,290.0","43,814.0","44,091.0","42,881.0","2.94K","-1.20%"
"12/06/2023","43,814.0","44,112.0","44,285.0","43,444.0","5.13K","-0.68%"
"12/05/2023","44,112.0","41,942.0","44,420.0","41,317.0","5.33K","5.17%"
"12/04/2023","41,942.0","39,940.0","42,335.0","39,940.0","2.95K","5.01%"
"12/03/2023","39,940.0","39,438.0","40,159.0","39,253.0","1.41K","1.27%"
"12/02/2023","39,438.0","38,676.0","39,678.0","38,634.0","2.86K","1.97%"
"12/01/2023","38,676.0","37,723.0","38,936.0","37,626.0","2.69K","2.53%"
"11/30/2023","37,723.0","37,834.0","38,136.0","37,490.0","0.73K","-0.29%"
"11/29/2023","37,834.0","37,815.0","38,366.0","37,599.0","1.19K","0.05%"
"11/28/2023","37,815.0","37,263.0","38,349.0","36,895.0","1.79K","1.48%"
"11/27/2023","37,263.0","37,443.0","37,547.0","36,735.0","1.74K","-0.48%"
"11/26/2023","37,443.0","37,782.0","37,798.0","37,120.0","1.84K","-0.90%"
"11/25/2023","37,782.0","37,704.0","37,891.0","37,583.0","1.13K","0.21%"
"11/24/2023","37,704.0","37,280.0","38,410.0","37,248.0","3.64K","1.14%"
"11/23/2023","37,280.0","37,407.0","37,645.0","36,898.0","1.30K","-0.34%"
"11/22/2023","37,407.0","35,794.0","37,870.0","35,663.0","2.09K","4.51%"
"11/21/2023","35,794.0","37,451.0","37,638.0","35,791.0","2.68K","-4.42%"
"11/20/2023","37,451.0","37,368.0","37,731.0","36,824.0","1.65K","0.22%"
"11/19/2023","37,368.0","36,581.0","37,509.0","36,410.0","0.52K","2.15%"
"11/18/2023","36,581.0","36,631.0","36,849.0","36,234.0","0.34K","-0.14%"
"11/17/2023","36,631.0","36,161.0","36,730.0","35,886.0","0.88K","1.30%"
"11/16/2023","36,161.0","37,865.0","37,927.0","35,535.0","0.96K","-4.50%"
"11/15/2023","37,865.0","35,542.0","37,949.0","35,374.0","1.99K","6.54%"
"11/14/2023","35,542.0","36,511.0","36,756.0","34,860.0","2.05K","-2.65%"
"11/13/2023","36,511.0","37,042.0","37,410.0","36,390.0","1.23K","-1.43%"
"11/12/2023","37,042.0","37,141.0","37,215.0","36,760.0","0.45K","-0.27%"
"11/11/2023","37,141.0","37,301.0","37,405.0","36,720.0","1.22K","-0.43%"
"11/10/2023","37,301.0","36,699.0","37,500.0","36,369.0","0.95K","1.64%"
"11/09/2023","36,699.0","35,641.0","37,973.0","35,562.0","3.97K","2.97%"
"11/08/2023","35,641.0","35,455.0","36,065.0","35,111.0","0.70K","0.52%"
"11/07/2023","35,455.0","35,053.0","35,930.0","34,578.0","0.97K","1.15%"
"11/06/2023","35,053.0","35,064.0","35,323.0","34,798.0","0.37K","-0.03%"
"11/05/2023","35,064.0","35,100.0","35,399.0","34,532.0","0.61K","-0.10%"
"11/04/2023","35,100.0","34,751.0","35,296.0","34,647.0","0.72K","1.00%"
"11/03/2023","34,751.0","34,944.0","34,954.0","34,154.0","1.51K","-0.55%"
"11/02/2023","34,944.0","35,447.0","35,953.0","34,335.0","2.19K","-1.42%"
"11/01/2023","35,447.0","34,669.0","35,561.0","34,114.0","1.99K","2.24%"
"10/31/2023","34,669.0","34,490.0","34,730.0","34,111.0","1.39K","0.52%"
"10/30/2023","34,490.0","34,552.0","34,876.0","34,117.0","1.36K","-0.18%"
"10/29/2023","34,551.0","34,104.0","34,783.0","33,969.0","1.50K","1.31%"
"10/28/2023","34,104.0","33,942.0","34,494.0","33,906.0","0.75K","0.48%"
"10/27/2023","33,942.0","34,184.0","34,268.0","33,430.0","1.12K","-0.71%"
"10/26/2023","34,184.0","34,504.0","34,843.0","33,770.0","1.01K","-0.93%"
"10/25/2023","34,504.0","33,943.0","35,147.0","33,756.0","2.24K","1.65%"
"10/24/2023","33,943.0","33,069.0","35,175.0","32,852.0","5.30K","2.64%"
"10/23/2023","33,069.0","30,023.0","33,525.0","29,923.0","6.76K","10.15%"
"10/22/2023","30,023.0","29,922.0","30,225.0","29,704.0","0.50K","0.34%"
"10/21/2023","29,922.0","29,689.0","30,343.0","29,478.0","0.79K","0.78%"
"10/20/2023","29,689.0","28,745.0","30,232.0","28,619.0","3.15K","3.28%"
"10/19/2023","28,745.0","28,332.0","28,904.0","28,155.0","1.56K","1.46%"
"10/18/2023","28,332.0","28,410.0","28,978.0","28,171.0","1.02K","-0.27%"
"10/17/2023","28,410.0","28,524.0","28,624.0","28,109.0","0.83K","-0.40%"
"10/16/2023","28,524.0","27,168.0","30,067.0","27,129.0","4.31K","4.99%"
"10/15/2023","27,168.0","26,871.0","27,297.0","26,832.0","0.47K","1.11%"
"10/14/2023","26,871.0","26,875.0","26,995.0","26,830.0","0.36K","-0.01%"
"10/13/2023","26,875.0","26,795.0","27,140.0","26,700.0","0.85K","0.30%"
"10/12/2023","26,795.0","26,894.0","26,964.0","26,580.0","1.44K","-0.37%"
"10/11/2023","26,894.0","27,414.0","27,492.0","26,562.0","1.98K","-1.90%"
"10/10/2023","27,414.0","27,617.0","27,752.0","27,325.0","1.27K","-0.74%"
"10/09/2023","27,617.0","27,929.0","27,987.0","27,331.0","3.07K","-1.12%"
"10/08/2023","27,929.0","27,967.0","28,093.0","27,710.0","0.30K","-0.14%"
"10/07/2023","27,967.0","27,942.0","28,026.0","27,840.0","0.45K","0.09%"
"10/06/2023","27,942.0","27,418.0","28,268.0","27,200.0","1.62K","1.91%"
"10/05/2023","27,418.0","27,805.0","28,118.0","27,370.0","1.44K","-1.39%"
"10/04/2023","27,805.0","27,431.0","27,845.0","27,249.0","0.89K","1.36%"
"10/03/2023","27,431.0","27,526.0","27,700.0","27,211.0","0.77K","-0.35%"
"10/02/2023","27,526.0","28,008.0","28,566.0","27,345.0","2.08K","-1.72%"
"10/01/2023","28,008.0","26,980.0","28,100.0","26,973.0","1.83K","3.81%"
"09/30/2023","26,980.0","26,929.0","27,109.0","26,909.0","0.33K","0.19%"
"09/29/2023","26,929.0","27,046.0","27,263.0","26,745.0","1.06K","-0.43%"
"09/28/2023","27,046.0","26,391.0","27,300.0","26,368.0","1.07K","2.48%"
"09/27/2023","26,391.0","26,244.0","26,872.0","26,147.0","1.91K","0.56%"
"09/26/2023","26,244.0","26,330.0","26,410.0","26,129.0","0.90K","-0.33%"
"09/25/2023","26,330.0","26,299.0","26,465.0","26,045.0","1.17K","0.12%"
"09/24/2023","26,299.0","26,609.0","26,768.0","26,211.0","2.03K","-1.17%"
"09/23/2023","26,609.0","26,606.0","26,662.0","26,555.0","0.88K","0.01%"
"09/22/2023","26,606.0","26,594.0","26,749.0","26,532.0","2.04K","0.05%"
"09/21/2023","26,594.0","27,149.0","27,167.0","26,416.0","1.53K","-2.04%"
"09/20/2023","27,149.0","27,244.0","27,414.0","26,847.0","1.44K","-0.35%"
"09/19/2023","27,244.0","26,788.0","27,506.0","26,700.0","1.60K","1.70%"
"09/18/2023","26,788.0","26,547.0","27,452.0","26,444.0","2.87K","0.91%"
"09/17/2023","26,547.0","26,576.0","26,632.0","26,444.0","0.33K","-0.11%"
"09/16/2023","26,576.0","26,625.0","26,792.0","26,477.0","0.32K","-0.18%"
"09/15/2023","26,625.0","26,544.0","26,862.0","26,255.0","0.90K","0.31%"
"09/14/2023","26,544.0","26,238.0","26,832.0","26,151.0","2.56K","1.17%"
"09/13/2023","26,238.0","25,851.0","26,430.0","25,797.0","0.87K","1.50%"
"09/12/2023","25,851.0","25,183.0","26,566.0","25,152.0","2.49K","2.65%"
"09/11/2023","25,183.0","25,860.0","25,904.0","24,927.0","1.24K","-2.62%"
"09/10/2023","25,860.0","25,910.0","26,009.0","25,638.0","0.50K","-0.19%"
"09/09/2023","25,910.0","25,918.0","25,948.0","25,823.0","0.27K","-0.03%"
"09/08/2023","25,918.0","26,264.0","26,435.0","25,692.0","0.86K","-1.32%"
"09/07/2023","26,264.0","25,783.0","26,444.0","25,645.0","1.21K","1.87%"
"09/06/2023","25,783.0","25,793.0","26,023.0","25,453.0","1.14K","-0.04%"
"09/05/2023","25,793.0","25,823.0","25,886.0","25,602.0","1.02K","-0.12%"
"09/04/2023","25,823.0","25,980.0","26,092.0","25,666.0","0.72K","-0.60%"
"09/03/2023","25,980.0","25,870.0","26,114.0","25,826.0","0.45K","0.43%"
"09/02/2023","25,870.0","25,816.0","25,995.0","25,763.0","1.17K","0.21%"
"09/01/2023","25,816.0","25,967.0","26,164.0","25,354.0","2.05K","-0.58%"
"08/31/2023","25,967.0","27,325.0","27,550.0","25,750.0","3.63K","-4.97%"
"08/30/2023","27,325.0","27,752.0","27,789.0","27,085.0","1.29K","-1.54%"
"08/29/2023","27,752.0","26,147.0","28,097.0","25,954.0","2.68K","6.14%"
"08/28/2023","26,147.0","26,121.0","26,264.0","25,900.0","0.69K","0.10%"
"08/27/2023","26,121.0","26,045.0","26,198.0","25,997.0","0.13K","0.29%"
"08/26/2023","26,045.0","26,079.0","26,142.0","26,019.0","0.21K","-0.13%"
"08/25/2023","26,079.0","26,199.0","26,314.0","25,825.0","1.27K","-0.46%"
"08/24/2023","26,199.0","26,461.0","26,598.0","25,962.0","0.83K","-0.99%"
"08/23/2023","26,461.0","26,057.0","26,834.0","25,840.0","1.19K","1.55%"
"08/22/2023","26,057.0","26,144.0","26,156.0","25,490.0","1.07K","-0.33%"
"08/21/2023","26,144.0","26,215.0","26,255.0","25,850.0","0.90K","-0.27%"
"08/20/2023","26,215.0","26,115.0","26,305.0","26,018.0","0.60K","0.38%"
"08/19/2023","26,115.0","26,066.0","26,279.0","25,812.0","0.33K","0.19%"
"08/18/2023","26,066.0","26,661.0","26,823.0","25,699.0","2.04K","-2.23%"
"08/17/2023","26,661.0","28,730.0","28,778.0","24,863.0","4.96K","-7.20%"
"08/16/2023","28,730.0","29,200.0","29,255.0","28,728.0","1.07K","-1.61%"
"08/15/2023","29,200.0","29,445.0","29,499.0","29,109.0","0.49K","-0.83%"
"08/14/2023","29,445.0","29,314.0","29,689.0","29,103.0","0.79K","0.45%"
"08/13/2023","29,314.0","29,445.0","29,477.0","29,297.0","0.27K","-0.44%"
"08/12/2023","29,445.0","29,434.0","29,495.0","29,393.0","0.20K","0.04%"
"08/11/2023","29,434.0","29,458.0","29,549.0","29,258.0","1.10K","-0.08%"
"08/10/2023","29,458.0","29,597.0","29,745.0","29,384.0","1.44K","-0.47%"
"08/09/2023","29,597.0","29,796.0","30,163.0","29,393.0","1.22K","-0.67%"
"08/08/2023","29,796.0","29,223.0","30,235.0","29,165.0","1.36K","1.96%"
"08/07/2023","29,223.0","29,095.0","29,289.0","28,722.0","1.03K","0.44%"
"08/06/2023","29,095.0","29,075.0","29,198.0","29,007.0","0.39K","0.07%"
"08/05/2023","29,075.0","29,119.0","29,153.0","28,993.0","0.41K","-0.15%"
"08/04/2023","29,119.0","29,206.0","29,335.0","28,863.0","0.59K","-0.30%"
"08/03/2023","29,206.0","29,197.0","29,438.0","28,995.0","0.62K","0.03%"
"08/02/2023","29,197.0","29,746.0","30,056.0","28,975.0","1.18K","-1.85%"
"08/01/2023","29,746.0","29,273.0","29,746.0","28,663.0","1.64K","1.62%"
"07/31/2023","29,273.0","29,315.0","29,560.0","29,164.0","0.45K","-0.14%"
"07/30/2023","29,315.0","29,402.0","29,488.0","29,111.0","0.49K","-0.30%"
"07/29/2023","29,402.0","29,365.0","29,443.0","29,305.0","0.15K","0.13%"
"07/28/2023","29,365.0","29,256.0","29,578.0","29,169.0","0.32K","0.37%"
"07/27/2023","29,256.0","29,390.0","29,601.0","29,123.0","0.61K","-0.46%"
"07/26/2023","29,390.0","29,272.0","29,720.0","29,150.0","0.75K","0.40%"
"07/25/2023","29,272.0","29,224.0","29,404.0","29,101.0","0.37K","0.16%"
"07/24/2023","29,224.0","30,122.0","30,125.0","28,931.0","1.62K","-2.98%"
"07/23/2023","30,122.0","29,811.0","30,370.0","29,777.0","0.50K","1.04%"
"07/22/2023","29,811.0","29,942.0","30,035.0","29,673.0","0.19K","-0.44%"
"07/21/2023","29,942.0","29,839.0","30,091.0","29,770.0","1.12K","0.35%"
"07/20/2023","29,839.0","29,939.0","30,438.0","29,625.0","1.31K","-0.33%"
"07/19/2023","29,939.0","29,888.0","30,220.0","29,829.0","0.50K","0.17%"
"07/18/2023","29,888.0","30,172.0","30,269.0","29,618.0","1.28K","-0.94%"
"07/17/2023","30,172.0","30,260.0","30,353.0","29,701.0","1.33K","-0.29%"
"07/16/2023","30,260.0","30,310.0","30,469.0","30,108.0","0.53K","-0.16%"
"07/15/2023","30,310.0","30,343.0","30,419.0","30,283.0","0.38K","-0.11%"
"07/14/2023","30,343.0","31,500.0","31,657.0","29,969.0","2.41K","-3.67%"
"07/13/2023","31,500.0","30,428.0","31,814.0","30,307.0","2.91K","3.52%"
"07/12/2023","30,428.0","30,654.0","30,998.0","30,260.0","1.07K","-0.74%"
"07/11/2023","30,654.0","30,445.0","30,822.0","30,359.0","0.71K","0.69%"
"07/10/2023","30,445.0","30,188.0","31,044.0","29,988.0","1.28K","0.85%"
"07/09/2023","30,188.0","30,318.0","30,459.0","30,081.0","0.78K","-0.43%"
"07/08/2023","30,318.0","30,370.0","30,406.0","30,086.0","0.46K","-0.17%"
"07/07/2023","30,370.0","29,942.0","30,469.0","29,779.0","1.19K","1.43%"
"07/06/2023","29,942.0","30,532.0","31,530.0","29,901.0","2.31K","-1.93%"
"07/05/2023","30,532.0","30,782.0","30,897.0","30,239.0","1.25K","-0.81%"
"07/04/2023","30,782.0","31,176.0","31,345.0","30,656.0","1.67K","-1.26%"
"07/03/2023","31,176.0","30,663.0","31,416.0","30,607.0","1.36K","1.67%"
"07/02/2023","30,663.0","30,607.0","30,817.0","30,200.0","0.70K","0.18%"
"07/01/2023","30,607.0","30,500.0","30,689.0","30,356.0","0.95K","0.35%"
"06/30/2023","30,500.0","30,471.0","31,299.0","29,617.0","3.22K","0.10%"
"06/29/2023","30,471.0","30,094.0","30,844.0","30,062.0","0.98K","1.25%"
"06/28/2023","30,094.0","30,711.0","30,731.0","29,900.0","1.21K","-2.01%"
"06/27/2023","30,711.0","30,287.0","31,018.0","30,246.0","1.13K","1.40%"
"06/26/2023","30,287.0","30,485.0","30,672.0","29,981.0","1.03K","-0.65%"
"06/25/2023","30,485.0","30,556.0","31,058.0","30,334.0","0.65K","-0.23%"
"06/24/2023","30,556.0","30,708.0","30,820.0","30,294.0","0.73K","-0.49%"
"06/23/2023","30,708.0","29,920.0","31,415.0","29,838.0","2.29K","2.63%"
"06/22/2023","29,920.0","30,013.0","30,506.0","29,678.0","1.68K","-0.31%"
"06/21/2023","30,013.0","28,325.0","30,769.0","28,286.0","3.14K","5.96%"
"06/20/2023","28,325.0","26,866.0","28,406.0","26,676.0","2.17K","5.43%"
"06/19/2023","26,866.0","26,358.0","27,056.0","26,293.0","0.96K","1.93%"
"06/18/2023","26,358.0","26,535.0","26,712.0","26,293.0","0.53K","-0.67%"
"06/17/2023","26,535.0","26,357.0","26,789.0","26,202.0","0.81K","0.68%"
"06/16/2023","26,357.0","25,611.0","26,506.0","25,244.0","1.02K","2.91%"
"06/15/2023","25,611.0","25,146.0","25,766.0","24,862.0","1.11K","1.85%"
"06/14/2023","25,146.0","25,941.0","26,113.0","24,853.0","1.26K","-3.06%"
"06/13/2023","25,941.0","25,933.0","26,428.0","25,748.0","0.79K","0.03%"
"06/12/2023","25,933.0","25,953.0","26,106.0","25,650.0","0.36K","-0.08%"
"06/11/2023","25,953.0","25,870.0","26,230.0","25,669.0","0.53K","0.32%"
"06/10/2023","25,870.0","26,502.0","26,556.0","25,468.0","1.66K","-2.38%"
"06/09/2023","26,502.0","26,526.0","26,804.0","26,303.0","0.49K","-0.09%"
"06/08/2023","26,526.0","26,365.0","26,811.0","26,248.0","0.70K","0.61%"
"06/07/2023","26,365.0","27,233.0","27,368.0","26,157.0","1.79K","-3.19%"
"06/06/2023","27,233.0","25,730.0","27,342.0","25,392.0","1.69K","5.84%"
"06/05/2023","25,730.0","27,126.0","27,134.0","25,420.0","3.02K","-5.15%"
"06/04/2023","27,126.0","27,077.0","27,446.0","26,963.0","0.46K","0.18%"
"06/03/2023","27,077.0","27,254.0","27,331.0","26,925.0","0.44K","-0.65%"
"06/02/2023","27,254.0","26,833.0","27,301.0","26,523.0","0.79K","1.57%"
"06/01/2023","26,833.0","27,220.0","27,348.0","26,666.0","0.83K","-1.42%"
"05/31/2023","27,220.0","27,723.0","27,855.0","26,859.0","1.34K","-1.81%"
"05/30/2023","27,723.0","27,772.0","28,065.0","27,600.0","0.49K","-0.18%"
"05/29/2023","27,772.0","28,096.0","28,463.0","27,579.0","0.82K","-1.15%"
"05/28/2023","28,096.0","26,885.0","28,263.0","26,804.0","1.60K","4.50%"
"05/27/2023","26,885.0","26,737.0","26,917.0","26,608.0","0.24K","0.55%"
"05/26/2023","26,737.0","26,498.0","26,937.0","26,359.0","0.96K","0.90%"
"05/25/2023","26,498.0","26,344.0","26,620.0","25,889.0","0.64K","0.58%"
"05/24/2023","26,344.0","27,243.0","27,243.0","26,100.0","0.92K","-3.30%"
"05/23/2023","27,243.0","26,869.0","27,481.0","26,829.0","0.59K","1.39%"
"05/22/2023","26,869.0","26,760.0","27,101.0","26,562.0","0.54K","0.41%"
"05/21/2023","26,760.0","27,126.0","27,285.0","26,701.0","0.52K","-1.35%"
"05/20/2023","27,126.0","26,911.0","27,168.0","26,863.0","0.18K","0.80%"
"05/19/2023","26,911.0","26,862.0","27,198.0","26,676.0","0.33K","0.18%"
"05/18/2023","26,862.0","27,425.0","27,504.0","26,443.0","1.59K","-2.05%"
"05/17/2023","27,425.0","27,054.0","27,511.0","26,614.0","1.88K","1.37%"
"05/16/2023","27,054.0","27,190.0","27,313.0","26,899.0","0.80K","-0.50%"
"05/15/2023","27,190.0","26,937.0","27,671.0","26,764.0","0.98K","0.94%"
"05/14/2023","26,937.0","26,790.0","27,194.0","26,639.0","0.37K","0.55%"
"05/13/2023","26,790.0","26,818.0","27,065.0","26,713.0","0.35K","-0.10%"
"05/12/2023","26,818.0","27,016.0","27,101.0","25,884.0","1.82K","-0.73%"
"05/11/2023","27,016.0","27,622.0","27,654.0","26,795.0","1.79K","-2.19%"
"05/10/2023","27,622.0","27,668.0","28,338.0","26,855.0","1.70K","-0.17%"
"05/09/2023","27,668.0","27,701.0","27,844.0","27,386.0","0.75K","-0.12%"
"05/08/2023","27,701.0","28,464.0","28,682.0","27,309.0","1.59K","-2.68%"
"05/07/2023","28,464.0","28,909.0","29,175.0","28,464.0","0.64K","-1.54%"
"05/06/2023","28,909.0","29,526.0","29,836.0","28,415.0","1.15K","-2.09%"
"05/05/2023","29,526.0","28,844.0","29,687.0","28,844.0","1.41K","2.36%"
"05/04/2023","28,844.0","29,037.0","29,370.0","28,706.0","0.81K","-0.66%"
"05/03/2023","29,037.0","28,679.0","29,277.0","28,161.0","1.03K","1.25%"
"05/02/2023","28,679.0","28,106.0","28,888.0","27,919.0","1.24K","2.04%"
"05/01/2023","28,106.0","29,255.0","29,347.0","27,700.0","1.80K","-3.93%"
"04/30/2023","29,255.0","29,253.0","29,962.0","29,113.0","1.37K","0.01%"
"04/29/2023","29,253.0","29,338.0","29,454.0","29,085.0","0.35K","-0.29%"
"04/28/2023","29,338.0","29,479.0","29,589.0","28,911.0","1.40K","-0.48%"
"04/27/2023","29,479.0","28,433.0","29,885.0","28,395.0","1.89K","3.68%"
"04/26/2023","28,433.0","28,324.0","30,028.0","27,263.0","3.46K","0.38%"
"04/25/2023","28,324.0","27,522.0","28,389.0","27,224.0","0.98K","2.91%"
"04/24/2023","27,522.0","27,613.0","28,000.0","26,998.0","1.38K","-0.33%"
"04/23/2023","27,613.0","27,826.0","27,827.0","27,364.0","0.69K","-0.77%"
"04/22/2023","27,826.0","27,287.0","27,884.0","27,163.0","0.71K","1.98%"
"04/21/2023","27,287.0","28,248.0","28,378.0","27,191.0","1.37K","-3.40%"
"04/20/2023","28,248.0","28,826.0","29,098.0","28,035.0","1.55K","-2.01%"
"04/19/2023","28,826.0","30,392.0","30,412.0","28,645.0","3.76K","-5.15%"
"04/18/2023","30,392.0","29,434.0","30,471.0","29,169.0","1.93K","3.25%"
"04/17/2023","29,434.0","30,285.0","30,289.0","29,277.0","2.04K","-2.81%"
"04/16/2023","30,285.0","30,280.0","30,559.0","30,123.0","1.84K","0.02%"
"04/15/2023","30,280.0","30,462.0","30,575.0","30,195.0","0.80K","-0.60%"
"04/14/2023","30,462.0","30,389.0","30,968.0","30,001.0","2.59K","0.24%"
"04/13/2023","30,389.0","29,876.0","30,563.0","29,867.0","1.43K","1.72%"
"04/12/2023","29,876.0","30,190.0","30,450.0","29,683.0","1.69K","-1.04%"
"04/11/2023","30,190.0","29,614.0","30,484.0","29,579.0","2.75K","1.95%"
"04/10/2023","29,614.0","28,320.0","29,724.0","28,159.0","2.24K","4.57%"
"04/09/2023","28,320.0","27,901.0","28,510.0","27,780.0","0.68K","1.50%"
"04/08/2023","27,901.0","27,889.0","28,135.0","27,839.0","0.40K","0.04%"
"04/07/2023","27,889.0","28,018.0","28,082.0","27,755.0","0.33K","-0.46%"
"04/06/2023","28,018.0","28,153.0","28,163.0","27,728.0","0.88K","-0.48%"
"04/05/2023","28,153.0","28,153.0","28,750.0","27,837.0","1.52K","0.00%"
"04/04/2023","28,153.0","27,790.0","28,445.0","27,671.0","1.08K","1.31%"
"04/03/2023","27,790.0","28,173.0","28,482.0","27,231.0","2.64K","-1.36%"
"04/02/2023","28,173.0","28,443.0","28,515.0","27,867.0","1.00K","-0.95%"
"04/01/2023","28,443.0","28,460.0","28,809.0","28,210.0","0.86K","-0.06%"
"03/31/2023","28,460.0","28,017.0","28,651.0","27,556.0","1.32K","1.58%"
"03/30/2023","28,017.0","28,344.0","29,170.0","27,692.0","2.68K","-1.15%"
"03/29/2023","28,344.0","27,265.0","28,645.0","27,253.0","2.12K","3.96%"
"03/28/2023","27,265.0","27,129.0","27,512.0","26,637.0","1.44K","0.50%"
"03/27/2023","27,129.0","27,986.0","28,027.0","26,542.0","1.94K","-3.06%"
"03/26/2023","27,986.0","27,482.0","28,171.0","27,438.0","1.17K","1.83%"
"03/25/2023","27,482.0","27,458.0","27,779.0","27,173.0","0.86K","0.09%"
"03/24/2023","27,458.0","28,304.0","28,372.0","27,017.0","1.92K","-2.99%"
"03/23/2023","28,304.0","27,263.0","28,741.0","27,121.0","3.12K","3.82%"
"03/22/2023","27,263.0","28,112.0","28,813.0","26,620.0","3.93K","-3.02%"
"03/21/2023","28,112.0","27,712.0","28,435.0","27,313.0","1.66K","1.44%"
"03/20/2023","27,712.0","27,936.0","28,438.0","27,130.0","2.70K","-0.80%"
"03/19/2023","27,936.0","26,913.0","28,329.0","26,838.0","4.34K","3.80%"
"03/18/2023","26,913.0","27,350.0","27,605.0","26,595.0","3.08K","-1.60%"
"03/17/2023","27,350.0","25,057.0","27,562.0","24,954.0","9.82K","9.15%"
"03/16/2023","25,057.0","24,321.0","25,213.0","24,202.0","2.42K","3.03%"
"03/15/2023","24,321.0","24,744.0","25,245.0","23,939.0","2.63K","-1.71%"
"03/14/2023","24,744.0","24,187.0","26,434.0","24,073.0","9.61K","2.30%"
"03/13/2023","24,187.0","22,079.0","24,560.0","21,891.0","7.01K","9.55%"
"03/12/2023","22,079.0","20,538.0","22,132.0","20,363.0","5.61K","7.50%"
"03/11/2023","20,538.0","20,201.0","20,783.0","19,874.0","6.80K","1.67%"
"03/10/2023","20,201.0","20,378.0","20,381.0","19,592.0","4.64K","-0.87%"
"03/09/2023","20,378.0","21,712.0","21,835.0","20,096.0","3.79K","-6.14%"
"03/08/2023","21,712.0","22,209.0","22,286.0","21,622.0","1.75K","-2.24%"
"03/07/2023","22,209.0","22,404.0","22,552.0","21,967.0","1.84K","-0.87%"
"03/06/2023","22,404.0","22,431.0","22,586.0","22,315.0","0.89K","-0.12%"
"03/05/2023","22,431.0","22,346.0","22,650.0","22,225.0","0.43K","0.38%"
"03/04/2023","22,346.0","22,363.0","22,405.0","22,176.0","0.41K","-0.08%"
"03/03/2023","22,363.0","23,472.0","23,482.0","22,003.0","2.99K","-4.72%"
"03/02/2023","23,472.0","23,646.0","23,792.0","23,208.0","0.70K","-0.74%"
"03/01/2023","23,646.0","23,134.0","23,979.0","23,037.0","1.37K","2.21%"
"02/28/2023","23,134.0","23,504.0","23,609.0","23,067.0","1.44K","-1.57%"
"02/27/2023","23,504.0","23,560.0","23,891.0","23,167.0","1.84K","-0.24%"
"02/26/2023","23,560.0","23,177.0","23,669.0","23,083.0","0.77K","1.65%"
"02/25/2023","23,177.0","23,201.0","23,222.0","22,810.0","1.12K","-0.10%"
"02/24/2023","23,201.0","23,947.0","24,150.0","22,911.0","3.45K","-3.12%"
"02/23/2023","23,947.0","24,186.0","24,598.0","23,625.0","2.24K","-0.99%"
"02/22/2023","24,186.0","24,460.0","24,485.0","23,586.0","3.34K","-1.12%"
"02/21/2023","24,460.0","24,831.0","25,162.0","24,177.0","3.55K","-1.49%"
"02/20/2023","24,831.0","24,294.0","25,114.0","23,867.0","2.02K","2.21%"
"02/19/2023","24,294.0","24,633.0","25,200.0","24,246.0","2.72K","-1.38%"
"02/18/2023","24,633.0","24,579.0","24,853.0","24,450.0","0.63K","0.22%"
"02/17/2023","24,579.0","23,535.0","25,018.0","23,362.0","4.17K","4.44%"
"02/16/2023","23,535.0","24,318.0","25,232.0","23,527.0","4.64K","-3.22%"
"02/15/2023","24,318.0","22,198.0","24,350.0","22,082.0","2.37K","9.55%"
"02/14/2023","22,198.0","21,773.0","22,311.0","21,578.0","1.44K","1.95%"
"02/13/2023","21,773.0","21,796.0","21,902.0","21,404.0","3.08K","-0.11%"
"02/12/2023","21,796.0","21,866.0","22,095.0","21,667.0","1.26K","-0.32%"
"02/11/2023","21,866.0","21,643.0","21,903.0","21,614.0","0.36K","1.03%"
"02/10/2023","21,643.0","21,800.0","21,937.0","21,500.0","1.47K","-0.72%"
"02/09/2023","21,800.0","22,959.0","23,002.0","21,710.0","3.31K","-5.05%"
"02/08/2023","22,959.0","23,251.0","23,430.0","22,691.0","1.35K","-1.26%"
"02/07/2023","23,251.0","22,755.0","23,350.0","22,744.0","1.20K","2.18%"
"02/06/2023","22,755.0","22,936.0","23,145.0","22,639.0","1.08K","-0.79%"
"02/05/2023","22,936.0","23,315.0","23,419.0","22,799.0","1.44K","-1.63%"
"02/04/2023","23,315.0","23,433.0","23,580.0","23,253.0","0.58K","-0.50%"
"02/03/2023","23,433.0","23,485.0","23,700.0","23,230.0","1.92K","-0.22%"
"02/02/2023","23,485.0","23,723.0","24,239.0","23,395.0","2.83K","-1.00%"
"02/01/2023","23,723.0","23,135.0","23,802.0","22,800.0","2.13K","2.54%"
"01/31/2023","23,135.0","22,837.0","23,286.0","22,730.0","1.99K","1.30%"
"01/30/2023","22,837.0","23,746.0","23,784.0","22,516.0","2.95K","-3.83%"
"01/29/2023","23,746.0","23,029.0","23,962.0","23,000.0","4.24K","3.11%"
"01/28/2023","23,029.0","23,067.0","23,181.0","22,885.0","1.41K","-0.16%"
"01/27/2023","23,067.0","23,004.0","23,475.0","22,539.0","2.25K","0.27%"
"01/26/2023","23,004.0","23,045.0","23,273.0","22,859.0","1.40K","-0.18%"
"01/25/2023","23,045.0","22,627.0","23,812.0","22,334.0","3.74K","1.85%"
"01/24/2023","22,627.0","22,910.0","23,154.0","22,479.0","1.88K","-1.24%"
"01/23/2023","22,910.0","22,713.0","23,169.0","22,520.0","1.86K","0.87%"
"01/22/2023","22,713.0","22,766.0","23,071.0","22,321.0","1.52K","-0.23%"
"01/21/2023","22,766.0","22,672.0","23,312.0","22,443.0","3.60K","0.41%"
"01/20/2023","22,672.0","21,080.0","22,742.0","20,879.0","2.88K","7.55%"
"01/19/2023","21,080.0","20,678.0","21,181.0","20,670.0","0.90K","1.94%"
"01/18/2023","20,678.0","21,136.0","21,632.0","20,435.0","3.19K","-2.17%"
"01/17/2023","21,136.0","21,196.0","21,518.0","20,905.0","2.06K","-0.28%"
"01/16/2023","21,196.0","20,882.0","21,433.0","20,651.0","3.25K","1.50%"
"01/15/2023","20,882.0","20,963.0","21,048.0","20,583.0","1.54K","-0.39%"
"01/14/2023","20,963.0","19,933.0","21,300.0","19,897.0","6.06K","5.17%"
"01/13/2023","19,933.0","18,857.0","19,989.0","18,725.0","3.03K","5.71%"
"01/12/2023","18,857.0","17,946.0","19,070.0","17,920.0","5.32K","5.08%"
"01/11/2023","17,946.0","17,445.0","17,998.0","17,319.0","2.23K","2.87%"
"01/10/2023","17,445.0","17,188.0","17,503.0","17,155.0","0.81K","1.50%"
"01/09/2023","17,188.0","17,139.0","17,399.0","17,123.0","1.58K","0.29%"
"01/08/2023","17,139.0","16,958.0","17,174.0","16,930.0","0.81K","1.07%"
"01/07/2023","16,958.0","16,967.0","16,990.0","16,925.0","0.28K","-0.05%"
"01/06/2023","16,967.0","16,842.0","17,045.0","16,705.0","1.82K","0.74%"
"01/05/2023","16,842.0","16,868.0","16,888.0","16,778.0","0.57K","-0.15%"
"01/04/2023","16,868.0","16,689.0","16,998.0","16,671.0","1.12K","1.07%"
"01/03/2023","16,689.0","16,690.0","16,807.0","16,625.0","1.58K","-0.01%"
"01/02/2023","16,690.0","16,643.0","16,802.0","16,584.0","0.60K","0.28%"
"01/01/2023","16,643.0","16,564.0","16,644.0","16,517.0","0.24K","0.48%"
"12/31/2022","16,564.0","16,618.0","16,660.0","16,515.0","0.60K","-0.32%"
"12/30/2022","16,618.0","16,658.0","16,659.0","16,380.0","1.30K","-0.24%"
"12/29/2022","16,658.0","16,558.0","16,675.0","16,505.0","0.42K","0.60%"
"12/28/2022","16,558.0","16,719.0","16,796.0","16,490.0","1.59K","-0.96%"
"12/27/2022","16,719.0","16,946.0","16,987.0","16,631.0","0.94K","-1.34%"
"12/26/2022","16,946.0","16,847.0","16,958.0","16,814.0","0.32K","0.59%"
"12/25/2022","16,847.0","16,864.0","16,874.0","16,760.0","0.38K","-0.10%"
"12/24/2022","16,864.0","16,802.0","16,880.0","16,802.0","0.40K","0.37%"
"12/23/2022","16,802.0","16,838.0","16,942.0","16,788.0","0.53K","-0.21%"
"12/22/2022","16,838.0","16,845.0","16,873.0","16,588.0","0.77K","-0.04%"
"12/21/2022","16,845.0","16,925.0","16,934.0","16,755.0","0.79K","-0.47%"
"12/20/2022","16,925.0","16,448.0","17,057.0","16,413.0","1.46K","2.90%"
"12/19/2022","16,448.0","16,757.0","16,825.0","16,320.0","2.04K","-1.84%"
"12/18/2022","16,757.0","16,793.0","16,851.0","16,680.0","0.61K","-0.21%"
"12/17/2022","16,793.0","16,642.0","16,811.0","16,609.0","1.23K","0.91%"
"12/16/2022","16,642.0","17,372.0","17,543.0","16,554.0","3.01K","-4.20%"
"12/15/2022","17,372.0","17,810.0","17,867.0","17,311.0","1.92K","-2.46%"
"12/14/2022","17,810.0","17,785.0","18,373.0","17,688.0","3.08K","0.14%"
"12/13/2022","17,785.0","17,228.0","17,981.0","17,107.0","5.96K","3.23%"
"12/12/2022","17,228.0","17,109.0","17,258.0","16,899.0","2.47K","0.70%"
"12/11/2022","17,109.0","17,132.0","17,294.0","17,095.0","2.07K","-0.13%"
"12/10/2022","17,132.0","17,135.0","17,232.0","17,109.0","0.37K","-0.02%"
"12/09/2022","17,135.0","17,246.0","17,326.0","17,090.0","1.42K","-0.64%"
"12/08/2022","17,246.0","16,844.0","17,321.0","16,759.0","1.76K","2.39%"
"12/07/2022","16,844.0","17,096.0","17,137.0","16,720.0","1.07K","-1.47%"
"12/06/2022","17,096.0","16,974.0","17,109.0","16,917.0","0.77K","0.72%"
"12/05/2022","16,974.0","17,128.0","17,420.0","16,886.0","1.46K","-0.90%"
"12/04/2022","17,128.0","16,890.0","17,199.0","16,886.0","1.41K","1.41%"
"12/03/2022","16,890.0","17,091.0","17,135.0","16,870.0","0.69K","-1.18%"
"12/02/2022","17,091.0","16,980.0","17,100.0","16,808.0","1.53K","0.65%"
"12/01/2022","16,980.0","17,182.0","17,270.0","16,872.0","1.56K","-1.18%"
"11/30/2022","17,182.0","16,452.0","17,238.0","16,446.0","2.73K","4.44%"
"11/29/2022","16,452.0","16,215.0","16,537.0","16,102.0","1.63K","1.46%"
"11/28/2022","16,215.0","16,432.0","16,487.0","16,014.0","1.74K","-1.32%"
"11/27/2022","16,432.0","16,459.0","16,600.0","16,422.0","0.49K","-0.16%"
"11/26/2022","16,459.0","16,519.0","16,697.0","16,390.0","0.78K","-0.36%"
"11/25/2022","16,519.0","16,606.0","16,617.0","16,354.0","1.16K","-0.52%"
"11/24/2022","16,606.0","16,619.0","16,792.0","16,468.0","1.21K","-0.08%"
"11/23/2022","16,619.0","16,215.0","16,676.0","16,168.0","2.90K","2.49%"
"11/22/2022","16,215.0","15,766.0","16,279.0","15,616.0","3.20K","2.85%"
"11/21/2022","15,766.0","16,281.0","16,281.0","15,501.0","4.31K","-3.16%"
"11/20/2022","16,281.0","16,695.0","16,742.0","16,185.0","1.18K","-2.48%"
"11/19/2022","16,695.0","16,645.0","16,811.0","16,600.0","0.61K","0.37%"
"11/18/2022","16,634.0","16,827.0","16,837.0","16,550.0","1.81K","-0.43%"
"11/17/2022","16,705.0","16,676.0","16,735.0","16,413.0","1.48K","1.05%"
"11/16/2022","16,531.0","16,886.0","17,002.0","16,384.0","4.34K","-2.10%"
"11/15/2022","16,886.0","16,627.0","17,124.0","16,554.0","6.53K","1.56%"
"11/14/2022","16,627.0","16,345.0","17,188.0","15,829.0","6.71K","1.73%"
"11/13/2022","16,345.0","16,812.0","16,956.0","16,257.0","2.54K","-2.78%"
"11/12/2022","16,812.0","17,045.0","17,105.0","16,637.0","1.25K","-1.37%"
"11/11/2022","17,045.0","17,579.0","17,665.0","16,403.0","8.03K","-3.04%"
"11/10/2022","17,579.0","15,907.0","18,155.0","15,760.0","20.73K","10.51%"
"11/09/2022","15,907.0","18,557.0","18,597.0","15,603.0","18.08K","-14.28%"
"11/08/2022","18,557.0","20,610.0","20,692.0","16,950.0","20.52K","-9.96%"
"11/07/2022","20,610.0","20,932.0","21,083.0","20,423.0","1.84K","-1.54%"
"11/06/2022","20,932.0","21,313.0","21,378.0","20,913.0","1.35K","-1.79%"
"11/05/2022","21,313.0","21,168.0","21,470.0","21,105.0","1.62K","0.68%"
"11/04/2022","21,168.0","20,223.0","21,290.0","20,206.0","3.81K","4.67%"
"11/03/2022","20,223.0","20,168.0","20,403.0","20,073.0","1.24K","0.27%"
"11/02/2022","20,168.0","20,500.0","20,816.0","20,080.0","2.58K","-1.62%"
"11/01/2022","20,500.0","20,509.0","20,689.0","20,357.0","1.67K","-0.04%"
"10/31/2022","20,509.0","20,647.0","20,843.0","20,268.0","1.71K","-0.67%"
"10/30/2022","20,647.0","20,833.0","20,949.0","20,535.0","1.09K","-0.89%"
"10/29/2022","20,833.0","20,611.0","21,074.0","20,576.0","1.83K","1.08%"
"10/28/2022","20,611.0","20,303.0","20,764.0","20,055.0","2.28K","1.52%"
"10/27/2022","20,303.0","20,788.0","20,892.0","20,226.0","2.75K","-2.33%"
"10/26/2022","20,788.0","20,104.0","21,011.0","20,077.0","3.90K","3.40%"
"10/25/2022","20,104.0","19,340.0","20,430.0","19,254.0","2.76K","3.95%"
"10/24/2022","19,340.0","19,585.0","19,601.0","19,175.0","1.31K","-1.25%"
"10/23/2022","19,585.0","19,219.0","19,707.0","19,105.0","1.52K","1.90%"
"10/22/2022","19,219.0","19,175.0","19,272.0","19,125.0","0.75K","0.23%"
"10/21/2022","19,175.0","19,057.0","19,260.0","18,680.0","1.19K","0.62%"
"10/20/2022","19,057.0","19,132.0","19,345.0","18,940.0","1.27K","-0.39%"
"10/19/2022","19,132.0","19,334.0","19,361.0","19,098.0","0.86K","-1.04%"
"10/18/2022","19,334.0","19,554.0","19,705.0","19,106.0","2.12K","-1.13%"
"10/17/2022","19,554.0","19,266.0","19,683.0","19,168.0","1.45K","1.48%"
"10/16/2022","19,269.0","19,072.0","19,428.0","19,068.0","0.78K","1.03%"
"10/15/2022","19,072.0","19,187.0","19,227.0","18,993.0","0.74K","-0.60%"
"10/14/2022","19,187.0","19,387.0","19,946.0","19,103.0","2.57K","-1.03%"
"10/13/2022","19,387.0","19,158.0","19,503.0","18,200.0","6.27K","1.20%"
"10/12/2022","19,158.0","19,062.0","19,232.0","19,026.0","3.49K","0.50%"
"10/11/2022","19,062.0","19,128.0","19,260.0","18,870.0","8.84K","-0.34%"
"10/10/2022","19,128.0","19,444.4","19,527.0","19,056.0","4.69K","-1.63%"
"10/09/2022","19,444.4","19,418.0","19,551.4","19,326.0","1.12K","0.14%"
"10/08/2022","19,418.0","19,533.0","19,621.4","19,275.0","1.23K","-0.59%"
"10/07/2022","19,533.0","19,957.0","20,053.0","19,336.0","7.68K","-2.12%"
"10/06/2022","19,957.0","20,156.0","20,444.0","19,866.0","6.43K","-0.99%"
"10/05/2022","20,156.0","20,340.0","20,363.0","19,756.8","6.99K","-0.90%"
"10/04/2022","20,340.0","19,638.0","20,470.0","19,510.0","8.47K","3.57%"
"10/03/2022","19,638.0","19,066.0","19,688.0","18,985.0","10.89K","3.00%"
"10/02/2022","19,066.0","19,317.0","19,396.0","18,945.0","3.16K","-1.30%"
"10/01/2022","19,317.0","19,430.0","19,485.0","19,172.0","0.94K","-0.58%"
"09/30/2022","19,430.0","19,588.0","20,171.0","19,201.0","11.70K","-0.81%"
"09/29/2022","19,588.0","19,419.0","19,651.3","18,863.0","8.40K","0.87%"
"09/28/2022","19,419.0","19,096.6","19,783.0","18,495.0","16.06K","1.69%"
"09/27/2022","19,096.6","19,229.5","20,373.0","18,856.0","14.96K","-0.69%"
"09/26/2022","19,229.5","18,817.0","19,326.0","18,699.0","43.75K","2.19%"
"09/25/2022","18,817.0","18,935.0","19,179.0","18,647.0","4.11K","-0.62%"
"09/24/2022","18,935.0","19,298.8","19,314.0","18,822.0","1.33K","-1.89%"
"09/23/2022","19,298.8","19,413.0","19,512.0","18,562.0","14.55K","-0.59%"
"09/22/2022","19,413.0","18,476.5","19,502.0","18,378.8","28.28K","5.07%"
"09/21/2022","18,476.5","18,886.6","19,888.0","18,214.0","17.62K","-2.17%"
"09/20/2022","18,886.6","19,544.5","19,634.0","18,769.0","9.67K","-3.37%"
"09/19/2022","19,544.5","19,424.0","19,684.0","18,318.0","11.97K","0.62%"
"09/18/2022","19,424.0","20,127.0","20,127.0","19,356.0","2.43K","-3.49%"
"09/17/2022","20,127.0","19,809.9","20,206.0","19,770.0","13.67K","1.60%"
"09/16/2022","19,809.9","19,717.0","19,894.0","19,350.0","6.95K","0.47%"
"09/15/2022","19,717.0","20,231.0","20,329.0","19,556.0","4.23K","-2.54%"
"09/14/2022","20,231.0","20,181.0","20,511.0","19,642.0","8.26K","0.25%"
"09/13/2022","20,181.0","22,395.0","22,746.0","19,950.0","16.06K","-9.89%"
"09/12/2022","22,395.0","21,850.0","22,473.0","21,561.0","7.84K","2.61%"
"09/11/2022","21,826.0","21,657.0","21,826.0","21,369.0","2.23K","0.82%"
"09/10/2022","21,648.0","21,375.0","21,802.0","21,143.8","5.36K","1.28%"
"09/09/2022","21,375.0","19,322.0","21,576.0","19,304.4","11.99K","10.63%"
"09/08/2022","19,322.0","19,280.0","19,447.0","19,048.0","8.22K","0.22%"
"09/07/2022","19,279.5","18,790.0","19,457.0","18,561.0","6.19K","2.61%"
"09/06/2022","18,790.0","19,789.0","20,183.0","18,691.8","12.12K","-5.04%"
"09/05/2022","19,788.0","20,002.0","20,045.0","19,646.0","2.25K","-1.07%"
"09/04/2022","20,002.0","19,835.0","20,020.0","19,590.0","2.04K","0.84%"
"09/03/2022","19,835.0","19,973.0","20,061.9","19,667.0","1.65K","-0.69%"
"09/02/2022","19,973.0","20,134.0","20,441.0","19,770.0","6.30K","-0.80%"
"09/01/2022","20,134.0","20,058.0","20,212.0","19,587.0","5.94K","0.38%"
"08/31/2022","20,058.0","19,812.0","20,483.0","19,812.0","4.64K","1.24%"
"08/30/2022","19,812.0","20,308.0","20,574.0","19,574.0","5.33K","-2.44%"
"08/29/2022","20,308.0","19,572.0","20,412.0","19,566.3","4.13K","3.84%"
"08/28/2022","19,557.8","20,044.0","20,163.0","19,540.0","3.23K","-2.39%"
"08/27/2022","20,036.0","20,257.9","20,362.0","19,852.0","2.55K","-1.10%"
"08/26/2022","20,257.9","21,563.1","21,866.0","20,134.0","11.23K","-6.05%"
"08/25/2022","21,563.1","21,365.6","21,809.0","21,320.0","3.22K","0.92%"
"08/24/2022","21,365.6","21,527.0","21,861.0","21,160.0","5.41K","-0.75%"
"08/23/2022","21,527.0","21,395.0","21,671.0","20,909.0","4.92K","0.62%"
"08/22/2022","21,395.0","21,511.7","21,527.0","20,910.0","3.44K","-0.53%"
"08/21/2022","21,510.0","21,141.0","21,772.9","21,076.6","2.31K","1.75%"
"08/20/2022","21,141.0","20,835.0","21,366.0","20,769.0","2.04K","1.45%"
"08/19/2022","20,839.0","23,196.7","23,204.0","20,793.0","9.53K","-10.16%"
"08/18/2022","23,196.7","23,335.0","23,599.0","23,124.0","3.02K","-0.59%"
"08/17/2022","23,335.0","23,856.0","24,433.0","23,180.0","6.13K","-2.18%"
"08/16/2022","23,856.0","24,094.0","24,234.1","23,686.0","2.77K","-0.99%"
"08/15/2022","24,094.0","24,300.0","25,203.0","23,776.0","8.93K","-0.85%"
"08/14/2022","24,300.0","24,425.0","25,003.0","24,151.0","2.74K","-0.51%"
"08/13/2022","24,425.0","24,395.2","24,880.0","24,307.0","4.05K","0.12%"
"08/12/2022","24,395.2","23,931.5","24,441.0","23,603.0","3.56K","1.94%"
"08/11/2022","23,931.5","23,954.2","24,877.0","23,861.0","5.88K","-0.09%"
"08/10/2022","23,954.2","23,142.0","24,215.0","22,665.0","8.78K","3.51%"
"08/09/2022","23,141.0","23,817.0","23,912.0","22,888.0","4.07K","-2.84%"
"08/08/2022","23,817.0","23,177.9","24,224.0","23,164.0","2.90K","2.76%"
"08/07/2022","23,177.9","22,924.0","23,397.0","22,837.0","2.15K","1.11%"
"08/06/2022","22,924.0","23,311.0","23,341.3","22,903.0","1.26K","-1.66%"
"08/05/2022","23,311.0","22,611.7","23,462.0","22,596.0","7.08K","3.09%"
"08/04/2022","22,611.7","22,813.9","23,210.1","22,390.0","4.60K","-0.89%"
"08/03/2022","22,813.9","22,986.0","23,626.6","22,684.0","4.75K","-0.74%"
"08/02/2022","22,984.0","23,259.0","23,438.9","22,676.0","4.22K","-1.18%"
"08/01/2022","23,259.0","23,294.0","23,499.0","22,882.0","5.57K","-0.15%"
"07/31/2022","23,294.0","23,639.0","24,211.0","23,233.0","3.15K","-1.46%"
"07/30/2022","23,639.0","23,764.0","24,641.0","23,520.0","4.30K","-0.53%"
"07/29/2022","23,764.0","23,851.6","24,426.0","23,456.0","5.03K","-0.37%"
"07/28/2022","23,851.6","22,951.0","24,172.0","22,601.0","6.63K","3.92%"
"07/27/2022","22,951.0","21,271.0","23,098.0","21,056.0","7.47K","7.90%"
"07/26/2022","21,271.0","21,302.6","21,329.0","20,738.0","4.43K","-0.15%"
"07/25/2022","21,302.6","22,579.2","22,663.3","21,262.0","4.42K","-5.65%"
"07/24/2022","22,579.2","22,446.0","23,001.0","22,262.0","2.34K","0.59%"
"07/23/2022","22,446.0","22,675.9","22,993.0","21,949.0","2.69K","-1.01%"
"07/22/2022","22,675.9","23,151.8","23,729.0","22,517.0","5.07K","-2.06%"
"07/21/2022","23,151.8","23,209.0","23,409.0","22,350.0","8.12K","-0.25%"
"07/20/2022","23,209.0","23,398.0","24,276.0","22,915.0","8.44K","-0.81%"
"07/19/2022","23,398.0","22,476.0","23,783.0","21,599.0","10.21K","4.10%"
"07/18/2022","22,476.0","20,781.0","22,749.0","20,763.0","8.52K","8.16%"
"07/17/2022","20,781.0","21,224.0","21,666.0","20,751.0","3.17K","-2.09%"
"07/16/2022","21,224.0","20,820.0","21,590.0","20,477.0","3.40K","1.96%"
"07/15/2022","20,816.0","20,582.0","21,190.0","20,375.7","3.59K","1.16%"
"07/14/2022","20,578.0","20,246.0","20,880.0","19,647.0","6.06K","1.64%"
"07/13/2022","20,246.0","19,310.5","20,282.7","18,926.8","12.00K","4.84%"
"07/12/2022","19,310.5","19,945.0","20,038.2","19,243.9","6.78K","-3.18%"
"07/11/2022","19,945.0","20,854.6","20,865.2","19,876.0","6.61K","-4.36%"
"07/10/2022","20,854.6","21,575.8","21,590.1","20,678.0","2.88K","-3.34%"
"07/09/2022","21,575.8","21,600.0","21,967.0","21,335.5","2.20K","-0.11%"
"07/08/2022","21,600.0","21,620.0","22,405.0","21,198.0","11.60K","-0.09%"
"07/07/2022","21,620.0","20,557.1","21,809.0","20,253.0","5.60K","5.17%"
"07/06/2022","20,557.1","20,169.0","20,665.6","19,765.2","4.32K","1.92%"
"07/05/2022","20,169.0","20,224.0","20,723.0","19,290.0","4.45K","-0.27%"
"07/04/2022","20,224.0","19,308.8","20,318.0","19,056.6","3.55K","4.74%"
"07/03/2022","19,308.8","19,230.0","19,638.0","18,774.0","2.35K","0.41%"
"07/02/2022","19,230.0","19,286.0","19,442.0","18,994.0","1.67K","-0.29%"
"07/01/2022","19,286.0","19,938.0","20,795.0","18,993.0","5.19K","-3.27%"
"06/30/2022","19,938.0","20,106.6","20,146.1","18,643.0","5.75K","-0.84%"
"06/29/2022","20,106.6","20,270.6","20,428.0","19,886.0","3.38K","-0.79%"
"06/28/2022","20,267.0","20,718.0","21,200.0","20,204.0","2.39K","-2.18%"
"06/27/2022","20,718.0","21,067.0","21,509.4","20,551.0","2.79K","-1.66%"
"06/26/2022","21,067.0","21,485.0","21,871.3","21,000.0","2.80K","-1.95%"
"06/25/2022","21,485.0","21,229.0","21,575.0","20,899.4","2.30K","1.21%"
"06/24/2022","21,229.0","21,071.0","21,526.0","20,704.0","5.80K","0.75%"
"06/23/2022","21,071.0","19,943.0","21,163.0","19,866.0","6.14K","5.66%"
"06/22/2022","19,943.0","20,692.9","20,848.0","19,739.0","7.26K","-3.62%"
"06/21/2022","20,692.9","20,549.1","21,670.0","20,341.0","8.18K","0.68%"
"06/20/2022","20,554.1","20,556.0","20,984.0","19,628.0","6.68K","-0.01%"
"06/19/2022","20,556.0","18,978.0","20,744.0","17,950.0","11.68K","8.31%"
"06/18/2022","18,978.0","20,411.0","20,688.0","17,611.0","17.93K","-7.02%"
"06/17/2022","20,411.0","20,394.0","21,347.0","20,254.0","24.02K","0.08%"
"06/16/2022","20,394.0","22,594.0","22,996.0","20,253.0","6.74K","-9.74%"
"06/15/2022","22,594.0","22,172.0","22,805.0","20,089.0","17.56K","1.90%"
"06/14/2022","22,172.0","22,500.0","23,326.0","20,873.0","16.45K","-1.40%"
"06/13/2022","22,487.0","26,670.0","26,922.3","22,017.0","42.72K","-15.68%"
"06/12/2022","26,670.0","28,425.0","28,558.3","26,640.0","8.91K","-6.17%"
"06/11/2022","28,425.0","29,103.0","29,452.0","28,138.0","3.75K","-2.33%"
"06/10/2022","29,103.0","30,112.2","30,367.0","28,864.1","4.85K","-3.35%"
"06/09/2022","30,112.2","30,226.0","30,711.8","29,957.0","2.10K","-0.39%"
"06/08/2022","30,230.0","31,149.0","31,331.0","29,887.0","2.65K","-2.95%"
"06/07/2022","31,149.0","31,371.0","31,577.0","29,231.0","6.42K","-0.71%"
"06/06/2022","31,371.0","29,923.4","31,764.0","29,907.0","4.78K","4.84%"
"06/05/2022","29,923.4","29,877.0","30,196.0","29,541.0","1.72K","0.16%"
"06/04/2022","29,877.0","29,730.0","29,981.0","29,506.0","1.50K","0.49%"
"06/03/2022","29,730.0","30,478.0","30,707.0","29,346.0","3.04K","-2.45%"
"06/02/2022","30,478.0","29,832.0","30,712.0","29,620.0","5.93K","2.17%"
"06/01/2022","29,832.0","31,792.0","31,974.0","29,354.0","4.84K","-6.17%"
"05/31/2022","31,792.0","31,726.3","32,390.8","31,220.0","2.92K","0.21%"
"05/30/2022","31,726.3","29,476.0","32,191.0","29,310.6","7.93K","7.63%"
"05/29/2022","29,476.0","29,037.0","29,586.0","28,851.0","2.57K","1.51%"
"05/28/2022","29,037.0","28,609.0","29,259.0","28,528.3","1.65K","1.50%"
"05/27/2022","28,609.0","29,213.0","29,377.8","28,267.1","4.37K","-2.07%"
"05/26/2022","29,213.0","29,524.0","29,859.2","28,005.0","5.54K","-1.05%"
"05/25/2022","29,524.0","29,647.0","30,218.0","29,345.0","2.15K","-0.41%"
"05/24/2022","29,647.0","29,091.0","29,822.0","28,690.0","2.91K","1.91%"
"05/23/2022","29,091.0","30,283.0","30,666.0","28,868.0","2.79K","-3.94%"
"05/22/2022","30,283.0","29,439.0","30,466.0","29,253.0","2.68K","2.87%"
"05/21/2022","29,439.0","29,202.0","29,652.0","28,963.0","1.28K","0.81%"
"05/20/2022","29,202.0","30,329.0","30,764.0","28,713.0","3.94K","-3.72%"
"05/19/2022","30,329.0","28,680.0","30,542.0","28,673.0","4.49K","5.75%"
"05/18/2022","28,680.0","30,442.0","30,702.0","28,634.0","3.94K","-5.79%"
"05/17/2022","30,442.0","29,854.0","30,766.0","29,445.9","3.07K","1.97%"
"05/16/2022","29,854.0","31,318.0","31,324.1","29,083.0","4.52K","-4.68%"
"05/15/2022","31,319.0","30,104.0","31,416.0","29,483.0","2.74K","4.04%"
"05/14/2022","30,104.0","29,306.0","30,346.0","28,674.0","4.13K","2.72%"
"05/13/2022","29,306.0","29,089.5","31,068.0","28,831.0","8.72K","0.74%"
"05/12/2022","29,089.5","29,095.0","30,224.0","26,600.0","34.25K","-0.02%"
"05/11/2022","29,095.0","31,061.0","32,181.0","27,902.0","28.73K","-6.30%"
"05/10/2022","31,050.0","30,158.0","32,681.0","29,845.0","14.17K","2.96%"
"05/09/2022","30,158.0","34,064.0","34,259.0","30,114.0","21.24K","-11.52%"
"05/08/2022","34,084.0","35,506.0","35,540.0","33,779.0","6.58K","-4.01%"
"05/07/2022","35,508.0","36,040.0","36,163.0","34,879.0","3.78K","-1.48%"
"05/06/2022","36,040.0","36,577.0","36,684.0","35,315.0","7.60K","-1.47%"
"05/05/2022","36,577.0","39,701.2","39,843.0","36,209.0","9.74K","-7.87%"
"05/04/2022","39,701.2","37,751.0","39,996.0","37,695.0","5.26K","5.17%"
"05/03/2022","37,751.0","38,520.0","38,673.5","37,555.0","3.62K","-2.00%"
"05/02/2022","38,520.0","38,496.1","39,184.0","38,090.7","3.59K","0.06%"
"05/01/2022","38,496.1","37,662.0","38,689.0","37,426.0","3.06K","2.21%"
"04/30/2022","37,662.0","38,600.0","38,791.6","37,633.0","2.91K","-2.43%"
"04/29/2022","38,600.0","39,757.8","39,927.2","38,200.7","3.19K","-2.91%"
"04/28/2022","39,757.8","39,263.0","40,364.0","38,922.0","4.65K","1.26%"
"04/27/2022","39,263.0","38,139.0","39,478.0","37,901.0","4.20K","2.95%"
"04/26/2022","38,139.0","40,456.0","40,800.3","37,762.0","4.73K","-5.73%"
"04/25/2022","40,456.0","39,486.0","40,588.0","38,200.0","6.01K","2.46%"
"04/24/2022","39,486.0","39,444.0","39,949.0","38,963.0","2.19K","0.10%"
"04/23/2022","39,446.7","39,726.0","40,008.0","39,312.0","1.92K","-0.70%"
"04/22/2022","39,724.0","40,502.0","40,799.0","39,195.0","4.13K","-1.92%"
"04/21/2022","40,502.0","41,365.0","42,977.0","39,807.0","4.56K","-2.09%"
"04/20/2022","41,366.4","41,516.8","42,195.4","40,905.0","3.73K","-0.36%"
"04/19/2022","41,516.8","40,821.0","41,743.0","40,601.0","2.40K","1.70%"
"04/18/2022","40,821.0","39,707.6","41,123.2","38,557.0","4.99K","2.80%"
"04/17/2022","39,707.6","40,408.7","40,611.0","39,567.0","1.66K","-1.74%"
"04/16/2022","40,408.7","40,587.0","40,717.0","40,033.1","1.49K","-0.44%"
"04/15/2022","40,587.0","39,948.0","40,807.0","39,792.0","2.21K","1.60%"
"04/14/2022","39,948.0","41,155.0","41,510.3","39,604.0","3.17K","-2.93%"
"04/13/2022","41,155.0","40,088.0","41,540.0","39,607.0","4.57K","2.66%"
"04/12/2022","40,087.0","39,565.0","40,649.0","39,300.0","4.11K","1.32%"
"04/11/2022","39,565.0","42,181.0","42,437.0","39,274.0","6.70K","-6.20%"
"04/10/2022","42,181.0","42,780.0","43,460.0","41,933.0","3.03K","-1.40%"
"04/09/2022","42,780.0","42,277.0","42,824.0","42,137.0","1.92K","1.19%"
"04/08/2022","42,277.0","43,458.0","43,984.0","42,137.3","4.35K","-2.72%"
"04/07/2022","43,458.0","43,195.9","43,899.0","42,804.0","2.40K","0.60%"
"04/06/2022","43,199.0","45,481.0","45,515.1","43,162.0","5.84K","-5.02%"
"04/05/2022","45,481.0","46,611.1","47,173.0","45,376.0","2.59K","-2.42%"
"04/04/2022","46,611.1","46,383.0","46,900.0","45,128.0","3.45K","0.49%"
"04/03/2022","46,383.0","45,825.0","47,414.0","45,570.0","3.01K","1.22%"
"04/02/2022","45,825.0","46,301.0","47,216.0","45,640.0","2.27K","-1.03%"
"04/01/2022","46,301.0","45,535.0","46,717.0","44,245.9","3.96K","1.68%"
"03/31/2022","45,535.0","47,035.0","47,665.0","45,224.4","4.66K","-3.19%"
"03/30/2022","47,035.0","47,424.0","47,675.0","46,602.0","4.30K","-0.82%"
"03/29/2022","47,424.0","47,105.0","48,099.0","46,964.0","3.38K","0.68%"
"03/28/2022","47,105.0","46,836.0","48,159.0","46,666.0","6.38K","0.57%"
"03/27/2022","46,836.0","44,536.4","46,862.0","44,440.0","5.65K","5.16%"
"03/26/2022","44,536.4","44,337.0","44,785.0","44,112.7","1.31K","0.45%"
"03/25/2022","44,337.0","44,003.0","45,082.0","43,607.0","4.36K","0.76%"
"03/24/2022","44,003.0","42,885.0","44,221.0","42,670.0","3.78K","2.61%"
"03/23/2022","42,882.0","42,370.0","42,995.0","41,772.0","2.75K","1.21%"
"03/22/2022","42,370.0","41,011.0","43,319.0","40,886.0","5.00K","3.26%"
"03/21/2022","41,031.0","41,264.0","41,535.0","40,544.0","2.62K","-0.53%"
"03/20/2022","41,249.0","42,213.0","42,292.0","40,933.0","1.81K","-2.29%"
"03/19/2022","42,214.0","41,774.0","42,373.0","41,491.0","2.14K","1.05%"
"03/18/2022","41,774.0","40,942.6","42,333.0","40,236.0","3.77K","2.03%"
"03/17/2022","40,942.6","41,148.0","41,451.0","40,553.0","2.29K","-0.50%"
"03/16/2022","41,148.0","39,316.6","41,728.0","38,974.0","8.54K","4.66%"
"03/15/2022","39,317.0","39,717.9","39,886.9","38,212.0","5.30K","-1.01%"
"03/14/2022","39,717.0","37,777.1","39,977.0","37,570.0","8.05K","5.14%"
"03/13/2022","37,777.1","38,816.3","39,314.0","37,592.0","3.42K","-2.68%"
"03/12/2022","38,816.3","38,737.0","39,397.0","38,679.0","1.81K","0.20%"
"03/11/2022","38,737.0","39,458.5","40,228.0","38,236.4","9.57K","-1.83%"
"03/10/2022","39,458.5","41,964.0","42,069.0","38,646.0","6.67K","-5.97%"
"03/09/2022","41,962.3","38,757.0","42,593.0","38,692.5","5.96K","8.27%"
"03/08/2022","38,757.0","38,039.0","39,385.1","37,906.0","5.51K","1.89%"
"03/07/2022","38,039.0","38,437.0","39,559.0","37,198.0","6.78K","-1.04%"
"03/06/2022","38,437.0","39,408.0","39,715.0","38,151.0","3.37K","-2.46%"
"03/05/2022","39,408.0","39,171.0","39,628.0","38,680.0","2.19K","0.61%"
"03/04/2022","39,171.0","42,489.0","42,559.0","38,621.0","6.38K","-7.81%"
"03/03/2022","42,490.0","43,952.0","44,103.0","41,862.0","3.89K","-3.33%"
"03/02/2022","43,952.0","44,442.0","45,326.0","43,386.0","5.57K","-1.10%"
"03/01/2022","44,442.0","43,202.0","44,939.0","42,878.0","6.34K","2.87%"
"02/28/2022","43,202.0","37,734.0","44,198.0","37,502.0","8.45K","14.49%"
"02/27/2022","37,734.0","39,137.1","39,888.0","37,067.1","5.48K","-3.56%"
"02/26/2022","39,125.0","39,243.0","40,274.0","38,633.0","3.59K","-0.30%"
"02/25/2022","39,243.0","38,380.0","39,717.0","38,071.1","6.43K","2.25%"
"02/24/2022","38,380.0","37,292.0","39,716.0","34,435.0","17.88K","2.92%"
"02/23/2022","37,292.0","38,299.0","39,270.0","37,142.0","5.81K","-2.63%"
"02/22/2022","38,299.0","37,060.9","38,475.0","36,404.0","6.20K","3.36%"
"02/21/2022","37,054.0","38,420.0","39,531.0","36,829.0","8.51K","-3.56%"
"02/20/2022","38,420.0","40,128.0","40,164.1","38,071.0","3.53K","-4.29%"
"02/19/2022","40,141.0","40,037.0","40,478.0","39,683.0","1.46K","0.26%"
"02/18/2022","40,037.0","40,559.0","40,983.0","39,571.0","4.68K","-1.28%"
"02/17/2022","40,556.0","43,885.0","44,187.6","40,126.8","6.75K","-7.59%"
"02/16/2022","43,885.0","44,559.9","44,584.0","43,382.0","3.27K","-1.51%"
"02/15/2022","44,559.9","42,559.9","44,762.0","42,467.0","4.11K","4.70%"
"02/14/2022","42,559.9","42,091.0","42,852.0","41,608.0","4.78K","1.11%"
"02/13/2022","42,091.0","42,239.1","42,760.0","41,920.0","1.95K","-0.35%"
"02/12/2022","42,239.1","42,418.0","43,028.0","41,810.0","2.66K","-0.42%"
"02/11/2022","42,418.0","43,545.0","43,965.0","42,053.0","5.61K","-2.59%"
"02/10/2022","43,545.0","44,432.0","45,851.0","43,255.0","7.33K","-2.00%"
"02/09/2022","44,432.0","44,060.5","44,839.6","43,160.0","3.71K","0.84%"
"02/08/2022","44,060.5","43,865.0","45,400.0","42,713.0","7.62K","0.45%"
"02/07/2022","43,865.0","42,416.0","44,500.0","41,715.0","5.52K","3.40%"
"02/06/2022","42,423.0","41,454.0","42,730.0","41,171.0","2.36K","2.34%"
"02/05/2022","41,454.0","41,562.7","41,928.0","40,979.8","2.60K","-0.26%"
"02/04/2022","41,562.7","37,331.0","41,734.0","37,070.0","8.27K","11.34%"
"02/03/2022","37,331.0","36,925.0","37,395.0","36,282.0","5.03K","1.10%"
"02/02/2022","36,925.0","38,733.0","38,877.0","36,660.0","4.19K","-4.67%"
"02/01/2022","38,733.0","38,495.0","39,350.0","38,039.0","4.29K","0.54%"
"01/31/2022","38,526.0","37,914.4","38,772.1","36,683.0","4.77K","1.55%"
"01/30/2022","37,939.0","38,179.9","38,349.0","37,398.0","2.05K","-0.68%"
"01/29/2022","38,197.0","37,759.8","38,696.0","37,347.7","3.55K","1.16%"
"01/28/2022","37,759.8","37,217.0","38,041.0","36,197.0","4.58K","1.46%"
"01/27/2022","37,217.0","36,830.8","37,248.0","35,571.0","6.94K","1.05%"
"01/26/2022","36,830.8","36,986.0","38,901.0","36,301.0","10.65K","-0.44%"
"01/25/2022","36,994.0","36,702.0","37,545.0","35,759.0","8.86K","0.80%"
"01/24/2022","36,702.0","36,308.0","37,460.0","32,981.0","23.10K","1.09%"
"01/23/2022","36,308.0","35,103.0","36,550.0","34,687.3","8.72K","3.43%"
"01/22/2022","35,103.0","36,467.0","36,816.0","34,079.0","17.58K","-3.83%"
"01/21/2022","36,501.0","40,740.0","41,132.0","35,524.0","16.22K","-10.41%"
"01/20/2022","40,740.0","41,676.0","43,540.6","40,572.0","5.11K","-2.25%"
"01/19/2022","41,676.0","42,390.0","42,581.2","41,180.0","6.45K","-1.68%"
"01/18/2022","42,390.0","42,223.0","42,682.0","41,304.0","4.34K","0.35%"
"01/17/2022","42,242.0","43,084.0","43,191.0","41,568.0","2.92K","-1.95%"
"01/16/2022","43,084.0","43,069.0","43,487.0","42,611.8","1.58K","0.03%"
"01/15/2022","43,069.0","43,091.0","43,806.0","42,600.0","3.20K","-0.05%"
"01/14/2022","43,091.0","42,562.0","43,463.0","41,839.0","4.31K","1.24%"
"01/13/2022","42,562.0","43,909.0","44,426.7","42,334.0","3.74K","-3.07%"
"01/12/2022","43,909.0","42,743.0","44,305.0","42,475.0","3.77K","2.73%"
"01/11/2022","42,743.0","41,839.0","43,113.0","41,287.0","4.79K","2.16%"
"01/10/2022","41,839.0","41,850.0","42,270.0","39,677.0","9.55K","-0.03%"
"01/09/2022","41,850.0","41,679.0","42,790.0","41,275.0","3.72K","0.41%"
"01/08/2022","41,679.0","41,518.0","42,319.0","40,570.0","4.15K","0.39%"
"01/07/2022","41,518.0","43,111.0","43,132.0","40,755.0","7.40K","-3.70%"
"01/06/2022","43,111.0","43,418.0","43,777.0","42,487.0","3.41K","-0.71%"
"01/05/2022","43,418.0","45,830.0","47,056.7","42,519.0","6.93K","-5.26%"
"01/04/2022","45,830.0","46,445.0","47,546.0","45,583.0","3.79K","-1.32%"
"01/03/2022","46,445.0","47,314.0","47,578.0","45,701.0","2.58K","-1.84%"
"01/02/2022","47,314.0","47,755.0","47,980.0","46,698.0","1.84K","-0.92%"
"01/01/2022","47,755.0","46,218.0","47,954.0","46,215.0","2.18K","3.33%"
"12/31/2021","46,218.0","47,156.0","48,589.0","45,697.0","4.25K","-1.99%"
"12/30/2021","47,156.0","46,465.0","47,911.0","45,996.0","3.20K","1.49%"
"12/29/2021","46,465.0","47,554.0","48,166.0","46,129.0","4.12K","-2.29%"
"12/28/2021","47,554.0","50,684.0","50,710.0","47,339.0","5.43K","-6.18%"
"12/27/2021","50,684.0","50,797.0","52,027.0","50,483.0","3.52K","-0.22%"
"12/26/2021","50,797.0","50,435.2","51,281.0","49,473.0","2.90K","0.71%"
"12/25/2021","50,437.0","50,815.0","51,169.0","50,209.0","1.99K","-0.74%"
"12/24/2021","50,815.0","50,833.0","51,834.0","50,439.0","2.60K","0.01%"
"12/23/2021","50,812.0","48,626.0","51,376.0","48,078.0","4.43K","4.50%"
"12/22/2021","48,626.0","48,923.0","49,575.1","48,459.8","3.14K","-0.61%"
"12/21/2021","48,923.0","46,898.0","49,352.0","46,683.0","4.71K","4.32%"
"12/20/2021","46,898.0","46,716.5","47,541.0","45,606.0","5.65K","0.39%"
"12/19/2021","46,716.5","46,879.0","48,283.0","46,474.9","5.24K","-0.35%"
"12/18/2021","46,879.0","46,193.0","47,364.0","45,543.5","3.74K","1.49%"
"12/17/2021","46,193.0","47,675.0","48,028.8","45,539.0","5.86K","-3.11%"
"12/16/2021","47,675.0","48,901.0","49,462.1","47,561.0","3.53K","-2.51%"
"12/15/2021","48,901.0","48,408.0","49,520.0","46,602.0","7.04K","1.02%"
"12/14/2021","48,408.0","46,777.0","48,656.0","46,356.2","5.48K","3.49%"
"12/13/2021","46,777.0","50,123.0","50,222.7","45,790.0","8.71K","-6.68%"
"12/12/2021","50,123.0","49,363.1","50,800.0","48,692.0","3.87K","1.54%"
"12/11/2021","49,363.1","47,170.0","49,510.0","46,897.0","5.29K","4.65%"
"12/10/2021","47,170.0","47,611.0","50,105.0","47,060.0","8.17K","-0.93%"
"12/09/2021","47,611.0","50,503.4","50,824.0","47,408.0","5.28K","-5.73%"
"12/08/2021","50,503.4","50,634.0","51,239.0","48,760.0","4.03K","-0.26%"
"12/07/2021","50,634.0","50,566.6","51,969.0","50,102.0","3.91K","0.13%"
"12/06/2021","50,566.6","49,469.0","50,974.0","47,295.0","8.05K","2.22%"
"12/05/2021","49,469.0","49,272.0","49,752.0","47,860.0","4.78K","0.40%"
"12/04/2021","49,272.0","53,709.0","53,879.0","42,101.0","22.58K","-8.26%"
"12/03/2021","53,709.0","56,517.0","57,599.0","52,062.0","10.73K","-4.97%"
"12/02/2021","56,517.0","57,250.0","57,389.0","55,842.0","4.41K","-1.28%"
"12/01/2021","57,250.0","56,938.0","59,055.0","56,505.0","5.18K","0.55%"
"11/30/2021","56,938.0","57,845.0","59,174.0","55,940.0","6.47K","-1.57%"
"11/29/2021","57,845.0","57,325.0","58,886.0","56,772.0","5.07K","0.91%"
"11/28/2021","57,325.0","54,836.0","57,469.0","53,482.0","4.94K","4.54%"
"11/27/2021","54,836.0","53,738.0","55,329.0","53,711.0","3.09K","2.04%"
"11/26/2021","53,738.0","58,995.0","59,229.0","53,565.0","12.19K","-8.91%"
"11/25/2021","58,995.0","57,209.0","59,423.4","57,070.0","3.98K","3.12%"
"11/24/2021","57,209.0","57,602.0","57,762.0","55,916.9","4.89K","-0.68%"
"11/23/2021","57,602.0","56,299.0","57,866.2","55,460.0","8.56K","2.31%"
"11/22/2021","56,299.0","58,790.0","59,407.0","55,714.0","8.83K","-4.24%"
"11/21/2021","58,790.0","59,739.0","60,047.0","58,624.0","2.44K","-1.59%"
"11/20/2021","59,739.0","58,130.0","59,886.0","57,494.4","3.13K","2.77%"
"11/19/2021","58,130.0","56,932.0","58,379.0","55,670.0","5.18K","1.96%"
"11/18/2021","57,014.0","60,386.1","60,945.0","56,559.0","11.54K","-5.58%"
"11/17/2021","60,386.1","60,124.0","60,847.0","58,427.0","6.72K","0.44%"
"11/16/2021","60,124.0","63,562.0","63,562.0","58,708.0","13.07K","-5.41%"
"11/15/2021","63,562.0","65,471.0","66,320.0","63,383.3","5.27K","-2.92%"
"11/14/2021","65,471.0","64,406.0","65,471.0","63,589.0","2.19K","1.65%"
"11/13/2021","64,406.0","64,137.0","64,968.2","63,405.0","1.87K","0.39%"
"11/12/2021","64,156.0","64,801.0","65,412.0","62,310.0","5.12K","-1.00%"
"11/11/2021","64,801.0","64,954.0","65,541.0","64,089.0","2.86K","-0.24%"
"11/10/2021","64,954.0","66,935.0","68,925.0","63,123.0","12.23K","-2.96%"
"11/09/2021","66,935.0","67,526.0","68,429.0","66,343.0","6.46K","-0.88%"
"11/08/2021","67,526.0","63,259.1","67,665.0","63,259.1","8.98K","6.75%"
"11/07/2021","63,259.1","61,495.0","63,279.0","61,400.0","3.23K","2.87%"
"11/06/2021","61,496.0","61,016.4","61,583.0","60,100.0","2.93K","0.79%"
"11/05/2021","61,016.4","61,422.8","62,598.0","60,746.3","2.26K","-0.66%"
"11/04/2021","61,422.8","62,904.0","63,060.2","60,733.0","2.93K","-2.35%"
"11/03/2021","62,904.0","63,249.0","63,556.0","60,624.0","4.76K","-0.55%"
"11/02/2021","63,249.0","60,927.0","64,263.4","60,661.0","5.20K","3.81%"
"11/01/2021","60,927.0","61,330.0","62,485.0","59,595.6","4.81K","-0.66%"
"10/31/2021","61,330.0","61,838.8","62,414.0","60,021.0","2.42K","-0.82%"
"10/30/2021","61,838.8","62,235.0","62,353.0","60,756.0","2.24K","-0.64%"
"10/29/2021","62,235.0","60,598.0","62,980.0","60,189.5","3.92K","2.70%"
"10/28/2021","60,598.0","58,453.0","62,395.0","57,612.0","8.07K","3.67%"
"10/27/2021","58,453.0","60,289.0","61,447.7","58,096.4","7.14K","-3.05%"
"10/26/2021","60,290.0","63,100.0","63,306.0","59,852.0","4.75K","-4.45%"
"10/25/2021","63,100.0","60,847.0","63,666.0","60,633.0","3.71K","3.70%"
"10/24/2021","60,847.0","61,302.0","61,471.0","59,537.0","2.88K","-0.74%"
"10/23/2021","61,302.0","60,708.0","61,731.0","59,762.0","2.71K","0.98%"
"10/22/2021","60,708.0","62,200.0","63,708.0","60,045.0","6.35K","-2.40%"
"10/21/2021","62,200.0","65,988.0","66,643.0","62,100.0","13.37K","-5.74%"
"10/20/2021","65,988.0","64,263.0","66,927.0","63,536.0","9.26K","2.73%"
"10/19/2021","64,237.0","62,034.0","64,418.0","61,441.1","9.15K","3.55%"
"10/18/2021","62,034.0","61,504.0","62,661.0","59,948.0","8.56K","0.85%"
"10/17/2021","61,511.0","60,867.5","61,652.0","59,073.0","5.14K","1.06%"
"10/16/2021","60,867.5","61,680.0","62,325.0","60,175.0","4.28K","-1.36%"
"10/15/2021","61,709.0","57,354.0","62,897.0","56,889.0","11.88K","7.59%"
"10/14/2021","57,354.0","57,381.0","58,473.0","56,880.0","4.59K","-0.05%"
"10/13/2021","57,381.0","55,967.0","57,758.0","54,310.0","3.09K","2.53%"
"10/12/2021","55,967.0","57,468.0","57,633.0","54,000.0","5.94K","-2.61%"
"10/11/2021","57,468.0","54,701.0","57,802.5","54,430.0","7.51K","5.06%"
"10/10/2021","54,701.0","54,978.0","56,414.0","54,173.0","5.84K","-0.50%"
"10/09/2021","54,978.0","53,925.0","55,443.7","53,711.0","2.44K","1.95%"
"10/08/2021","53,925.0","53,793.0","56,000.0","53,649.0","5.48K","0.25%"
"10/07/2021","53,793.0","55,331.0","55,339.0","53,444.0","4.95K","-2.78%"
"10/06/2021","55,331.0","51,508.0","55,724.0","50,448.0","10.52K","7.42%"
"10/05/2021","51,508.0","49,232.0","51,891.1","49,065.0","6.68K","4.58%"
"10/04/2021","49,252.0","48,243.0","49,503.0","46,951.0","6.19K","2.09%"
"10/03/2021","48,243.0","47,675.0","49,187.0","47,124.0","3.60K","1.19%"
"10/02/2021","47,675.0","48,151.0","48,330.0","47,459.0","2.06K","-1.00%"
"10/01/2021","48,157.0","43,830.0","48,454.0","43,311.0","8.32K","9.87%"
"09/30/2021","43,830.0","41,551.0","44,107.0","41,432.0","5.11K","5.48%"
"09/29/2021","41,551.0","41,064.0","42,591.0","40,811.0","4.39K","1.19%"
"09/28/2021","41,064.0","42,191.0","42,777.0","40,928.0","6.16K","-2.67%"
"09/27/2021","42,191.0","43,220.5","44,354.0","42,144.0","4.26K","-2.29%"
"09/26/2021","43,180.0","42,711.0","43,931.0","40,830.0","5.47K","1.10%"
"09/25/2021","42,711.0","42,854.0","42,977.0","41,731.0","2.96K","-0.39%"
"09/24/2021","42,878.0","44,882.0","45,140.0","40,779.0","11.76K","-4.47%"
"09/23/2021","44,882.0","43,582.6","44,986.0","43,121.0","5.29K","2.98%"
"09/22/2021","43,582.6","40,632.5","43,998.0","40,607.0","8.43K","7.18%"
"09/21/2021","40,664.0","43,002.0","43,622.3","39,678.0","14.96K","-5.44%"
"09/20/2021","43,002.0","47,239.0","47,323.0","42,577.0","12.63K","-8.97%"
"09/19/2021","47,239.0","48,309.0","48,370.0","46,837.0","2.28K","-2.21%"
"09/18/2021","48,309.0","47,296.0","48,794.0","47,070.0","2.05K","2.15%"
"09/17/2021","47,292.0","47,786.0","48,183.0","46,782.0","2.49K","-1.03%"
"09/16/2021","47,786.0","48,136.0","48,518.0","47,080.0","3.61K","-0.73%"
"09/15/2021","48,136.0","47,078.0","48,440.0","46,738.0","3.98K","2.25%"
"09/14/2021","47,078.0","44,960.0","47,235.0","44,726.0","3.52K","4.71%"
"09/13/2021","44,960.0","46,069.0","46,823.0","43,514.0","8.77K","-2.41%"
"09/12/2021","46,069.0","45,169.0","46,391.0","44,780.1","3.39K","1.99%"
"09/11/2021","45,169.0","44,852.0","45,990.0","44,750.0","2.54K","0.71%"
"09/10/2021","44,852.0","46,389.0","47,036.0","44,265.1","5.18K","-3.31%"
"09/09/2021","46,389.0","46,088.0","47,397.0","45,591.0","3.85K","0.65%"
"09/08/2021","46,088.0","46,778.0","47,342.4","44,509.9","7.55K","-1.48%"
"09/07/2021","46,778.0","52,676.0","52,888.0","43,347.0","16.70K","-11.20%"
"09/06/2021","52,676.0","51,762.0","52,709.0","51,062.0","4.84K","1.77%"
"09/05/2021","51,762.0","49,899.0","51,900.0","49,500.0","5.54K","3.73%"
"09/04/2021","49,899.0","50,000.0","50,529.0","49,418.0","2.37K","-0.20%"
"09/03/2021","50,000.0","49,291.0","51,032.0","48,362.0","7.33K","1.44%"
"09/02/2021","49,291.0","48,844.0","50,365.0","48,633.0","4.95K","0.92%"
"09/01/2021","48,844.0","47,157.0","49,102.0","46,600.0","5.71K","3.58%"
"08/31/2021","47,157.0","47,008.0","48,241.0","46,725.0","4.30K","0.32%"
"08/30/2021","47,008.0","48,800.0","48,915.7","46,904.0","4.12K","-3.67%"
"08/29/2021","48,800.0","48,914.0","49,650.0","47,844.0","4.05K","-0.23%"
"08/28/2021","48,914.0","49,076.1","49,310.0","48,400.0","2.30K","-0.33%"
"08/27/2021","49,076.1","46,832.0","49,159.0","46,364.9","5.80K","4.79%"
"08/26/2021","46,832.0","48,989.0","49,385.0","46,370.7","6.48K","-4.40%"
"08/25/2021","48,989.0","47,714.0","49,244.0","47,158.0","4.12K","2.67%"
"08/24/2021","47,714.0","49,539.0","49,857.0","47,604.0","4.77K","-3.68%"
"08/23/2021","49,539.0","49,264.0","50,506.3","49,055.0","5.42K","0.56%"
"08/22/2021","49,264.0","48,868.0","49,487.0","48,121.0","2.75K","0.81%"
"08/21/2021","48,868.0","49,332.0","49,784.0","48,290.0","3.92K","-0.94%"
"08/20/2021","49,332.0","46,765.0","49,362.0","46,660.0","6.04K","5.49%"
"08/19/2021","46,765.0","44,744.0","47,060.0","43,992.0","5.97K","4.52%"
"08/18/2021","44,744.0","44,698.0","46,007.8","44,290.0","5.82K","0.10%"
"08/17/2021","44,698.0","45,940.0","47,157.0","44,467.0","6.93K","-2.70%"
"08/16/2021","45,940.0","47,031.0","48,059.0","45,689.0","6.06K","-2.32%"
"08/15/2021","47,031.0","47,084.0","47,355.0","45,556.0","3.83K","-0.11%"
"08/14/2021","47,084.0","47,842.0","48,120.0","46,036.0","4.35K","-1.58%"
"08/13/2021","47,842.0","44,423.0","47,866.0","44,276.0","7.39K","7.70%"
"08/12/2021","44,423.0","45,546.0","46,185.0","43,789.0","5.64K","-2.47%"
"08/11/2021","45,546.0","45,612.0","46,725.0","45,358.0","4.32K","-0.14%"
"08/10/2021","45,612.0","46,291.0","46,674.0","44,644.0","6.37K","-1.47%"
"08/09/2021","46,293.0","43,770.0","46,432.2","42,792.0","10.72K","5.76%"
"08/08/2021","43,770.0","44,589.0","45,249.0","43,300.0","8.16K","-1.84%"
"08/07/2021","44,589.0","42,830.0","44,689.2","42,464.0","9.32K","4.11%"
"08/06/2021","42,830.0","40,887.0","43,294.0","39,933.0","6.46K","4.75%"
"08/05/2021","40,887.0","39,741.0","41,352.0","37,361.0","6.43K","2.85%"
"08/04/2021","39,754.0","38,219.0","39,965.0","37,564.0","3.67K","4.05%"
"08/03/2021","38,207.0","39,156.0","39,774.0","37,700.0","5.08K","-2.42%"
"08/02/2021","39,156.0","39,922.0","40,441.0","38,716.0","4.62K","-1.92%"
"08/01/2021","39,922.0","41,409.0","42,532.0","39,596.0","9.11K","-3.59%"
"07/31/2021","41,409.0","42,169.0","42,317.0","41,051.0","5.07K","-1.80%"
"07/30/2021","42,169.0","40,034.4","42,244.0","38,373.0","7.77K","5.31%"
"07/29/2021","40,041.0","40,004.0","40,623.0","39,282.0","4.07K","0.09%"
"07/28/2021","40,004.0","39,563.0","40,899.0","38,822.0","7.98K","1.11%"
"07/27/2021","39,563.0","37,296.0","39,563.0","36,436.0","6.04K","6.08%"
"07/26/2021","37,296.0","35,422.0","40,515.6","35,276.0","16.31K","5.34%"
"07/25/2021","35,407.0","34,620.0","35,430.0","33,906.0","2.78K","4.62%"
"07/24/2021","33,845.0","33,597.1","34,043.0","33,422.0","3.34K","0.74%"
"07/23/2021","33,597.1","32,320.0","33,625.3","32,020.0","3.97K","3.95%"
"07/22/2021","32,320.0","32,141.0","32,609.7","31,747.0","5.23K","0.56%"
"07/21/2021","32,141.0","29,806.1","32,804.0","29,545.0","8.25K","7.83%"
"07/20/2021","29,806.1","30,847.0","31,075.0","29,341.0","8.88K","-3.37%"
"07/19/2021","30,847.0","31,824.0","31,924.0","30,514.0","12.80K","-3.07%"
"07/18/2021","31,824.0","31,559.0","32,427.0","31,211.8","12.41K","0.84%"
"07/17/2021","31,559.0","31,427.0","31,975.0","31,224.0","13.71K","0.41%"
"07/16/2021","31,429.0","31,875.0","32,266.0","31,055.0","5.38K","-1.34%"
"07/15/2021","31,857.0","32,822.6","33,194.0","31,170.0","6.96K","-2.94%"
"07/14/2021","32,822.6","32,727.0","33,117.0","31,596.0","5.19K","0.29%"
"07/13/2021","32,727.0","33,090.0","33,333.0","32,210.0","4.02K","-1.10%"
"07/12/2021","33,090.0","34,239.0","34,624.0","32,616.0","8.41K","-3.36%"
"07/11/2021","34,239.0","33,506.0","34,584.0","33,317.0","2.15K","2.19%"
"07/10/2021","33,506.0","33,769.0","34,221.0","33,024.0","6.46K","-0.78%"
"07/09/2021","33,769.0","32,873.9","34,044.0","32,574.0","6.66K","2.72%"
"07/08/2021","32,873.9","33,886.0","33,939.0","32,063.0","14.29K","-2.99%"
"07/07/2021","33,886.0","34,256.0","35,076.0","33,826.0","3.51K","-0.74%"
"07/06/2021","34,140.0","33,668.0","34,858.8","33,668.0","8.81K","1.40%"
"07/05/2021","33,668.0","35,289.0","35,289.0","33,479.2","7.72K","-4.59%"
"07/04/2021","35,289.0","35,494.0","35,782.0","35,289.0","2.93K","1.53%"
"07/03/2021","34,758.0","33,816.0","34,762.0","33,561.6","2.89K","2.79%"
"07/02/2021","33,816.0","33,554.4","33,924.0","32,727.0","5.15K","0.78%"
"07/01/2021","33,554.4","35,043.5","35,043.5","32,821.0","5.82K","-4.25%"
"06/30/2021","35,043.5","35,895.9","35,981.0","34,754.0","3.45K","-2.37%"
"06/29/2021","35,895.9","34,484.0","36,411.0","34,316.7","5.51K","4.09%"
"06/28/2021","34,484.0","34,717.0","35,168.0","34,152.0","6.18K","-0.67%"
"06/27/2021","34,717.0","32,359.0","34,717.0","32,359.0","28.71K","7.29%"
"06/26/2021","32,359.0","31,584.7","32,359.0","30,331.0","20.53K","2.45%"
"06/25/2021","31,584.0","34,656.6","34,915.0","31,584.0","37.67K","-8.87%"
"06/24/2021","34,656.6","33,703.0","35,137.2","32,530.0","4.86K","2.83%"
"06/23/2021","33,703.0","32,553.0","34,196.0","32,553.0","9.14K","3.53%"
"06/22/2021","32,553.0","31,761.0","33,300.0","29,927.0","26.87K","2.49%"
"06/21/2021","31,761.0","35,631.0","35,631.0","31,475.0","23.45K","-10.86%"
"06/20/2021","35,631.0","35,585.8","35,966.0","33,725.0","16.93K","0.13%"
"06/19/2021","35,585.8","35,802.0","36,236.0","35,460.0","11.57K","-0.60%"
"06/18/2021","35,802.0","38,061.0","38,061.0","35,490.0","11.42K","-5.94%"
"06/17/2021","38,061.0","38,332.0","39,324.0","37,733.7","3.54K","-0.71%"
"06/16/2021","38,332.0","40,139.0","40,394.0","38,332.0","6.79K","-4.50%"
"06/15/2021","40,139.0","40,509.0","40,708.8","39,726.0","7.78K","-0.89%"
"06/14/2021","40,500.0","39,004.0","40,732.0","38,812.0","9.73K","3.84%"
"06/13/2021","39,004.0","35,531.0","39,021.1","34,984.0","8.99K","9.77%"
"06/12/2021","35,531.0","37,338.0","37,338.0","35,185.0","7.38K","-4.84%"
"06/11/2021","37,338.0","36,649.2","37,427.0","36,342.0","6.42K","1.88%"
"06/10/2021","36,649.2","37,347.0","37,933.0","36,559.0","9.57K","-1.87%"
"06/09/2021","37,347.0","33,415.0","37,490.0","32,673.0","26.97K","11.77%"
"06/08/2021","33,415.0","33,596.0","33,744.8","31,547.6","12.92K","-0.54%"
"06/07/2021","33,596.0","35,782.0","36,613.3","33,596.0","9.97K","-6.11%"
"06/06/2021","35,782.0","35,543.0","36,238.0","35,496.0","6.51K","0.67%"
"06/05/2021","35,543.0","36,844.0","37,690.3","35,296.0","6.59K","-3.56%"
"06/04/2021","36,854.0","39,209.0","39,209.0","36,532.0","5.93K","-6.01%"
"06/03/2021","39,209.0","37,590.0","39,209.0","37,371.0","5.75K","4.31%"
"06/02/2021","37,590.0","36,672.6","38,053.0","36,192.3","3.97K","2.50%"
"06/01/2021","36,672.6","37,305.0","37,624.8","35,928.0","5.29K","-1.70%"
"05/31/2021","37,305.0","35,615.0","37,305.0","34,527.0","5.98K","4.75%"
"05/30/2021","35,615.0","34,570.0","36,138.0","33,680.0","6.02K","3.02%"
"05/29/2021","34,570.0","35,667.0","36,910.5","33,681.0","7.76K","-3.08%"
"05/28/2021","35,667.0","38,484.7","38,484.7","35,028.0","10.22K","-7.20%"
"05/27/2021","38,435.0","39,301.0","40,120.0","37,381.0","5.55K","-2.20%"
"05/26/2021","39,301.0","38,363.0","40,497.8","38,020.2","8.61K","2.45%"
"05/25/2021","38,363.0","38,772.9","39,761.0","36,760.5","7.77K","-1.06%"
"05/24/2021","38,772.9","34,730.3","39,201.0","34,730.3","15.13K","11.64%"
"05/23/2021","34,730.3","37,585.0","38,186.0","32,623.0","25.99K","-7.60%"
"05/22/2021","37,585.0","37,415.0","38,662.0","36,150.0","13.56K","0.45%"
"05/21/2021","37,415.0","40,550.1","41,500.0","35,188.0","23.31K","-7.79%"
"05/20/2021","40,578.0","36,755.0","41,827.0","35,198.4","25.60K","10.40%"
"05/19/2021","36,755.0","42,935.0","42,935.0","35,303.4","67.82K","-14.39%"
"05/18/2021","42,935.0","43,544.0","45,474.0","42,611.8","10.72K","-1.40%"
"05/17/2021","43,544.0","46,569.0","46,569.0","42,304.0","37.72K","-6.52%"
"05/16/2021","46,582.9","46,784.9","49,460.0","45,340.0","19.06K","-0.43%"
"05/15/2021","46,784.9","49,917.0","50,526.2","46,784.9","9.49K","-6.27%"
"05/14/2021","49,917.0","49,747.0","51,168.0","49,289.0","6.05K","0.34%"
"05/13/2021","49,747.0","49,725.0","51,154.0","48,120.6","21.16K","0.04%"
"05/12/2021","49,725.0","56,715.0","57,688.0","49,725.0","14.96K","-12.32%"
"05/11/2021","56,715.0","55,851.0","56,724.0","54,789.0","7.69K","1.55%"
"05/10/2021","55,851.0","58,276.0","59,454.3","55,448.0","13.49K","-4.16%"
"05/09/2021","58,276.0","58,894.0","58,956.5","56,977.0","8.48K","-1.05%"
"05/08/2021","58,894.0","57,349.0","59,327.0","57,317.0","7.61K","2.69%"
"05/07/2021","57,349.0","56,451.0","58,101.0","55,606.0","6.93K","1.59%"
"05/06/2021","56,451.0","57,487.0","57,843.0","55,897.0","10.44K","-1.79%"
"05/05/2021","57,477.0","52,960.0","57,477.0","52,960.0","7.66K","7.91%"
"05/04/2021","53,264.0","57,147.0","57,147.0","53,264.0","10.03K","-6.79%"
"05/03/2021","57,147.0","56,605.0","58,686.0","56,605.0","7.63K","0.96%"
"05/02/2021","56,605.0","57,774.0","57,774.0","56,385.0","4.20K","-2.02%"
"05/01/2021","57,774.0","57,634.7","58,265.0","57,259.0","4.32K","0.24%"
"04/30/2021","57,637.0","53,566.0","57,637.0","53,339.0","7.86K","7.60%"
"04/29/2021","53,566.0","54,860.0","54,860.0","52,631.0","7.08K","-2.36%"
"04/28/2021","54,860.0","55,044.0","55,575.0","54,090.0","5.76K","-0.33%"
"04/27/2021","55,044.0","54,103.0","55,215.0","53,660.0","7.24K","1.74%"
"04/26/2021","54,103.0","49,129.0","54,214.0","49,129.0","11.01K","10.15%"
"04/25/2021","49,116.3","50,167.0","50,539.0","48,409.8","9.60K","-2.09%"
"04/24/2021","50,167.0","51,139.0","51,139.0","49,572.0","5.98K","-1.90%"
"04/23/2021","51,139.0","51,781.3","51,781.3","48,719.6","17.25K","-1.24%"
"04/22/2021","51,781.3","53,822.0","55,067.0","51,781.3","12.69K","-3.79%"
"04/21/2021","53,822.0","56,476.0","56,476.0","53,822.0","7.10K","-4.70%"
"04/20/2021","56,476.0","55,639.0","56,950.0","54,398.0","8.39K","1.50%"
"04/19/2021","55,639.0","56,173.0","57,359.0","54,912.8","8.57K","-0.93%"
"04/18/2021","56,163.0","59,970.0","60,223.0","54,416.8","26.33K","-6.35%"
"04/17/2021","59,970.0","61,325.0","62,367.7","59,970.0","7.02K","-2.21%"
"04/16/2021","61,325.0","63,196.0","63,453.0","60,286.0","11.54K","-2.96%"
"04/15/2021","63,196.0","62,907.0","63,475.0","62,348.0","6.61K","0.40%"
"04/14/2021","62,942.7","63,518.0","64,374.0","62,065.0","10.93K","-0.91%"
"04/13/2021","63,518.0","59,900.0","63,518.0","59,900.0","11.26K","6.04%"
"04/12/2021","59,900.0","60,034.8","60,701.0","59,747.0","5.50K","-0.22%"
"04/11/2021","60,034.8","59,823.8","60,486.0","59,411.0","4.65K","0.35%"
"04/10/2021","59,823.8","58,114.0","60,984.0","58,114.0","9.79K","2.94%"
"04/09/2021","58,114.0","58,110.0","58,683.0","57,849.0","3.75K","0.01%"
"04/08/2021","58,110.0","55,960.0","58,110.0","55,960.0","4.48K","3.84%"
"04/07/2021","55,960.0","57,991.0","58,490.0","55,960.0","8.85K","-3.50%"
"04/06/2021","57,991.0","59,145.0","59,200.0","57,603.0","5.62K","-1.95%"
"04/05/2021","59,145.0","58,240.0","59,145.0","57,034.0","5.59K","1.55%"
"04/04/2021","58,240.0","57,023.0","58,240.0","57,023.0","4.97K","2.13%"
"04/03/2021","57,023.0","58,959.0","59,499.0","57,023.0","6.63K","-3.28%"
"04/02/2021","58,959.0","58,727.4","59,834.0","58,727.4","6.15K","0.39%"
"04/01/2021","58,727.4","58,796.0","59,172.9","58,498.0","4.35K","-0.12%"
"03/31/2021","58,796.0","58,841.0","59,453.0","57,698.0","8.12K","-0.08%"
"03/30/2021","58,841.0","57,672.3","59,349.0","57,278.0","7.87K","2.03%"
"03/29/2021","57,672.3","55,773.0","58,162.0","54,984.0","10.12K","3.41%"
"03/28/2021","55,773.0","55,886.0","56,326.0","55,089.0","4.21K","-0.20%"
"03/27/2021","55,886.0","54,992.9","56,249.0","54,373.0","5.18K","1.62%"
"03/26/2021","54,992.9","51,363.0","54,992.9","51,363.0","7.71K","7.07%"
"03/25/2021","51,363.0","52,347.2","52,926.0","50,874.0","11.59K","-1.88%"
"03/24/2021","52,347.2","54,331.0","56,919.0","52,347.2","14.08K","-3.65%"
"03/23/2021","54,331.0","54,074.0","55,646.9","53,541.2","6.57K","0.48%"
"03/22/2021","54,074.0","57,368.0","58,036.0","54,074.0","8.72K","-5.74%"
"03/21/2021","57,368.0","58,087.0","58,499.5","56,200.0","8.29K","-1.24%"
"03/20/2021","58,087.0","58,074.0","59,421.0","58,074.0","6.78K","0.02%"
"03/19/2021","58,074.0","57,640.0","58,961.0","57,030.0","6.48K","0.75%"
"03/18/2021","57,640.0","58,870.0","59,799.0","57,580.0","7.24K","-2.09%"
"03/17/2021","58,870.0","56,924.0","58,870.0","54,576.0","11.27K","3.42%"
"03/16/2021","56,924.0","55,644.0","56,924.0","54,049.0","10.49K","2.30%"
"03/15/2021","55,644.0","59,005.0","60,141.1","55,644.0","14.78K","-5.70%"
"03/14/2021","59,005.0","61,207.0","61,468.0","59,005.0","6.64K","-3.60%"
"03/13/2021","61,207.0","57,315.0","61,207.0","56,488.0","13.70K","6.79%"
"03/12/2021","57,315.0","57,869.0","57,869.0","55,946.0","9.56K","-0.96%"
"03/11/2021","57,869.0","55,939.0","57,921.0","54,834.0","8.66K","3.42%"
"03/10/2021","55,955.2","54,950.0","57,033.0","53,698.7","10.68K","1.83%"
"03/09/2021","54,949.4","52,395.0","54,949.4","52,395.0","8.20K","4.88%"
"03/08/2021","52,395.0","51,031.2","52,395.0","49,821.0","6.15K","2.67%"
"03/07/2021","51,031.2","48,895.0","51,031.2","48,895.0","5.37K","4.37%"
"03/06/2021","48,895.0","48,811.0","49,043.1","47,515.4","4.21K","0.17%"
"03/05/2021","48,811.0","48,368.0","49,277.0","46,662.0","9.42K","0.92%"
"03/04/2021","48,368.0","50,425.0","51,556.0","48,059.0","9.56K","-4.08%"
"03/03/2021","50,425.0","48,526.0","52,018.0","48,526.0","8.60K","3.91%"
"03/02/2021","48,526.0","49,572.0","49,572.0","47,453.6","8.37K","-2.11%"
"03/01/2021","49,572.0","45,300.0","49,572.0","45,300.0","9.42K","9.43%"
"02/28/2021","45,300.0","46,217.0","46,360.5","43,380.0","13.54K","-1.98%"
"02/27/2021","46,217.0","46,319.0","47,766.9","46,217.0","7.60K","-0.22%"
"02/26/2021","46,319.0","47,144.0","48,250.0","45,320.0","22.33K","-1.75%"
"02/25/2021","47,144.0","49,715.0","51,511.0","47,144.0","9.55K","-5.17%"
"02/24/2021","49,715.0","48,888.0","51,043.0","47,179.0","12.00K","1.69%"
"02/23/2021","48,888.0","54,078.0","54,078.0","45,343.5","32.59K","-9.60%"
"02/22/2021","54,078.0","57,376.0","57,376.0","48,383.0","27.31K","-5.75%"
"02/21/2021","57,376.0","55,838.0","58,238.0","55,639.0","6.69K","2.75%"
"02/20/2021","55,838.0","55,847.0","57,352.0","55,182.0","11.63K","-0.02%"
"02/19/2021","55,847.0","51,566.0","56,093.0","51,079.0","11.80K","8.30%"
"02/18/2021","51,566.0","52,060.0","52,433.0","51,356.9","5.87K","-0.95%"
"02/17/2021","52,060.0","49,225.0","52,284.0","49,225.0","9.21K","5.76%"
"02/16/2021","49,225.0","47,941.0","49,533.5","47,643.0","13.04K","2.68%"
"02/15/2021","47,941.0","48,587.0","48,694.0","46,563.0","9.88K","-1.33%"
"02/14/2021","48,587.0","47,177.0","49,279.0","47,177.0","7.34K","2.99%"
"02/13/2021","47,177.0","47,389.0","47,939.0","46,582.0","5.23K","-0.45%"
"02/12/2021","47,389.0","47,966.0","48,540.0","47,072.0","10.79K","-1.20%"
"02/11/2021","47,966.0","44,835.0","47,981.0","44,444.0","10.30K","6.98%"
"02/10/2021","44,835.0","46,486.0","47,056.0","44,541.0","10.02K","-3.55%"
"02/09/2021","46,486.0","46,440.0","48,004.0","45,882.0","15.90K","0.10%"
"02/08/2021","46,440.0","38,841.0","46,440.0","38,250.0","24.79K","19.56%"
"02/07/2021","38,841.0","39,257.0","39,561.0","38,061.0","7.63K","-1.06%"
"02/06/2021","39,257.0","38,260.0","40,780.0","38,260.0","10.18K","2.61%"
"02/05/2021","38,260.0","36,975.0","38,260.0","36,759.0","4.48K","3.48%"
"02/04/2021","36,975.0","37,677.0","37,998.0","36,521.0","6.42K","-1.86%"
"02/03/2021","37,677.0","35,563.0","37,677.0","35,563.0","8.80K","5.94%"
"02/02/2021","35,563.0","33,559.0","35,960.0","33,559.0","7.01K","5.97%"
"02/01/2021","33,559.0","33,141.0","34,460.1","32,595.0","5.30K","1.26%"
"01/31/2021","33,141.0","34,334.0","34,334.0","32,270.0","5.82K","-3.47%"
"01/30/2021","34,334.0","34,268.0","34,791.0","33,136.6","7.29K","0.16%"
"01/29/2021","34,280.7","33,350.0","38,056.0","32,466.0","28.64K","2.85%"
"01/28/2021","33,331.0","30,454.0","33,418.0","30,344.0","9.17K","9.45%"
"01/27/2021","30,454.0","32,519.0","32,519.0","29,815.0","14.77K","-6.35%"
"01/26/2021","32,519.0","32,268.1","32,735.1","31,434.0","8.54K","0.78%"
"01/25/2021","32,268.1","32,298.0","34,693.0","32,268.1","9.23K","-0.09%"
"01/24/2021","32,298.0","32,099.0","32,830.0","31,481.0","5.89K","0.62%"
"01/23/2021","32,099.0","33,062.0","33,062.0","31,773.0","7.07K","-2.91%"
"01/22/2021","33,062.0","30,852.0","33,631.0","28,991.0","15.72K","7.09%"
"01/21/2021","30,873.0","35,522.0","35,522.0","30,609.0","22.35K","-13.09%"
"01/20/2021","35,521.1","35,915.0","36,263.0","33,447.0","14.14K","-1.22%"
"01/19/2021","35,958.0","36,699.0","37,673.0","35,958.0","9.61K","-2.02%"
"01/18/2021","36,699.0","35,913.0","36,906.0","35,180.0","8.41K","2.22%"
"01/17/2021","35,903.0","36,061.0","36,570.0","33,914.0","9.85K","-0.42%"
"01/16/2021","36,055.0","36,741.0","37,750.0","35,809.0","10.84K","-1.87%"
"01/15/2021","36,741.0","39,145.0","39,476.0","35,268.0","15.55K","-6.20%"
"01/14/2021","39,170.0","37,374.0","39,750.0","37,193.0","12.97K","4.80%"
"01/13/2021","37,375.0","34,106.0","37,418.0","33,160.0","14.89K","9.59%"
"01/12/2021","34,103.0","35,448.0","35,838.6","33,616.0","22.18K","-3.87%"
"01/11/2021","35,476.0","38,226.0","38,226.0","31,842.0","48.04K","-7.19%"
"01/10/2021","38,226.0","40,171.0","41,209.3","37,436.0","19.01K","-4.84%"
"01/09/2021","40,171.0","40,509.0","41,046.0","38,966.0","8.17K","-0.83%"
"01/08/2021","40,509.0","39,407.0","41,616.0","37,723.0","21.79K","2.80%"
"01/07/2021","39,407.0","36,755.0","39,672.0","36,755.0","22.11K","7.22%"
"01/06/2021","36,755.0","33,986.0","36,755.0","33,901.0","18.62K","8.12%"
"01/05/2021","33,996.0","32,020.0","33,996.0","30,979.1","14.48K","6.17%"
"01/04/2021","32,020.0","32,971.0","33,403.0","29,178.0","24.68K","-2.88%"
"01/03/2021","32,971.0","32,183.0","34,253.0","32,110.0","18.91K","2.44%"
"01/02/2021","32,185.0","29,346.0","33,168.0","29,192.0","22.01K","9.67%"
"01/01/2021","29,346.0","28,933.0","29,498.0","28,932.0","8.33K","1.43%"